Workbook
Name AW: _xlfn.ANCHORARRAY('STD All'!$AW$2)
Name AX: _xlfn.ANCHORARRAY('STD All'!$AX$2)
Name BA: _xlfn.ANCHORARRAY('STD All'!$BA$2)
Name BB: _xlfn.ANCHORARRAY('STD All'!$BB$2)
Name BC: _xlfn.ANCHORARRAY('STD All'!$BC$2)
Name BD: _xlfn.ANCHORARRAY('STD All'!$BD$2)
Name BE: _xlfn.ANCHORARRAY('STD All'!$BE$2)
Name BF: _xlfn.ANCHORARRAY('STD All'!$BF$2)
Name BG: _xlfn.ANCHORARRAY('STD All'!$BH$2)
Name BH: _xlfn.ANCHORARRAY('STD All'!$BI$2)
Name BI: _xlfn.ANCHORARRAY('STD All'!$BJ$2)
Name BJ: _xlfn.ANCHORARRAY('STD All'!$BK$2)
Name BK: _xlfn.ANCHORARRAY('STD All'!$BL$2)
Name BL: _xlfn.ANCHORARRAY('STD All'!$BM$2)
Name BM: _xlfn.ANCHORARRAY('STD All'!$BN$2)
Name BN: _xlfn.ANCHORARRAY('STD All'!$BO$2)
Name BO: _xlfn.ANCHORARRAY('STD All'!$BP$2)
Name BP: _xlfn.ANCHORARRAY('STD All'!$BQ$2)
Name BQ: _xlfn.ANCHORARRAY('STD All'!$BR$2)
Name BR: _xlfn.ANCHORARRAY('STD All'!$BS$2)
Name BS: _xlfn.ANCHORARRAY('STD All'!$BT$2)
Name BT: _xlfn.ANCHORARRAY('STD All'!$BU$2)
Name BU: _xlfn.ANCHORARRAY('STD All'!$BV$2)
Name BV: _xlfn.ANCHORARRAY('STD All'!$BW$2)
Name BW: _xlfn.ANCHORARRAY('STD All'!$BX$2)
Name BX: _xlfn.ANCHORARRAY('STD All'!$BY$2)
Name BY: _xlfn.ANCHORARRAY('STD All'!$BZ$2)
Name BZ: _xlfn.ANCHORARRAY('STD All'!$CA$2)
Name CA: _xlfn.ANCHORARRAY('STD All'!$CB$2)
Name CB: _xlfn.ANCHORARRAY('STD All'!$CC$2)
Name CC: _xlfn.ANCHORARRAY('STD All'!$CD$2)
Name CD: _xlfn.ANCHORARRAY('STD All'!$CE$2)
Name CE: _xlfn.ANCHORARRAY('STD All'!$CF$2)
Name CF: _xlfn.ANCHORARRAY('STD All'!$CG$2)
Name CG: _xlfn.ANCHORARRAY('STD All'!$CH$2)
Name CH: _xlfn.ANCHORARRAY('STD All'!$CI$2)
Name CI: _xlfn.ANCHORARRAY('STD All'!$CJ$2)
Name CJ: _xlfn.ANCHORARRAY('STD All'!$CK$2)
Name CK: _xlfn.ANCHORARRAY('STD All'!$CL$2)
Name CL: _xlfn.ANCHORARRAY('STD All'!$CM$2)
Name CM: _xlfn.ANCHORARRAY('STD All'!$CN$2)
Name CN: _xlfn.ANCHORARRAY('STD All'!$CO$2)
Name CO: _xlfn.ANCHORARRAY('STD All'!$CP$2)
Name CP: _xlfn.ANCHORARRAY('STD All'!$CQ$2)
Name CQ: _xlfn.ANCHORARRAY('STD All'!$CR$2)
Name CR: _xlfn.ANCHORARRAY('STD All'!$CS$2)
Name CS: _xlfn.ANCHORARRAY('STD All'!$CT$2)
Name CT: _xlfn.ANCHORARRAY('STD All'!$CU$2)
Name CU: _xlfn.ANCHORARRAY('STD All'!$CV$2)
Name CV: _xlfn.ANCHORARRAY('STD All'!$CW$2)
Name CW: _xlfn.ANCHORARRAY('STD All'!$CX$2)
Name CX: _xlfn.ANCHORARRAY('STD All'!$CY$2)
Name CY: _xlfn.ANCHORARRAY('STD All'!$CZ$2)
Name CZ: _xlfn.ANCHORARRAY('STD All'!$DA$2)
Name DA: _xlfn.ANCHORARRAY('STD All'!$DB$2)
Name DB: _xlfn.ANCHORARRAY('STD All'!$DC$2)
Name DC: _xlfn.ANCHORARRAY('STD All'!$DD$2)
Name DD: _xlfn.ANCHORARRAY('STD All'!$DE$2)
Name DE: _xlfn.ANCHORARRAY('STD All'!$DF$2)
Name DF: _xlfn.ANCHORARRAY('STD All'!$DG$2)

Sheet STD All
A1: TEST | B1: STD Value | C1: STD value | D1: =IF(H3="&","Sigma σ (&)","Sigma σ (or)") -> Sigma σ (&) | E1: TEST | F1: STD Value | G1: Tolerance | J1: QC restriction | AY1: Filename | AZ1: Lot nr | BA1: Lot | BB1: TEST | BC1: STD Value | BD1: M1 Readings | BE1: M2 Readings | BF1: M3 Readings | BG1: QC Date | BH1: LOT | BI1: LOT nr | BJ1: STD1 | BK1: STD2 | BL1: STD3 | BM1: STD4 | BN1: STD5 | BO1: STD6 | BP1: STD1 AVG | BQ1: STD2 AVG | BR1: STD3 AVG | BS1: STD4 AVG | BT1: STD5 AVG | BU1: STD6 AVG | BV1: Base1 | BW1: STD1 3σ low | BX1: STD1 2σ low | BY1: STD1 1σ low | BZ1: STD1 1σ high | CA1: STD1 2σ high | CB1: STD1 3σ high | CC1: Base2 | CD1: STD2 3σ low | CE1: STD2 2σ low | CF1: STD2 1σ low | CG1: STD2 1σ high | CH1: STD2 2σ high | CI1: STD2 3σ high | CJ1: Base3 | CK1: STD3 3σ low | CL1: STD3 2σ low | CM1: STD3 1σ low | CN1: STD3 1σ high | CO1: STD3 2σ high | CP1: STD3 3σ high | CQ1: Base4 | CR1: STD4 3σ low | CS1: STD4 2σ low | CT1: STD4 1σ low | CU1: STD4 1σ high | CV1: STD4 2σ high | CW1: STD4 3σ high | CX1: Base5 | CY1: STD5 3σ low | CZ1: STD5 2σ low | DA1: STD5 1σ low | DB1: STD5 1σ high | DC1: STD5 2σ high | DD1: STD5 3σ high | DE1: Base6 | DF1: STD6 3σ low | DG1: STD6 2σ low | DH1: STD6 1σ low | DI1: STD6 1σ high | DJ1: STD6 2σ high | DK1: STD6 3σ high | DL1: STD1 AVG | DM1: STD2 AVG | DN1: STD3 AVG | DO1: STD4 AVG | DP1: STD5 AVG | DQ1: STD6 AVG | DR1: STD1 AVG | DS1: STD2 AVG | DT1: STD3 AVG | DU1: STD4 AVG | DV1: STD5 AVG | DW1: STD6 AVG | DX1: STD1 AVG | DY1: STD2 AVG | DZ1: STD3 AVG | EA1: STD4 AVG | EB1: STD5 AVG | EC1: STD6 AVG
A2: {=_xlfn.VSTACK("---",_xlfn._xlws.FILTER(_xlfn._xlws.SORT(_xlfn.UNIQUE(' Import Lots Data'!E:E)),(_xlfn._xlws.SORT(_xlfn.UNIQUE(' Import Lots Data'!E:E))<>"TEST")*(_xlfn._xlws.SORT(_xlfn.UNIQUE(' Import Lots Data'!E:E))<>0)))} -> --- | B2: {=_xlfn.VSTACK("---",_xlfn._xlws.FILTER(_xlfn._xlws.SORT(_xlfn.UNIQUE(' Import Lots Data'!C:C)),(_xlfn._xlws.SORT(_xlfn.UNIQUE(' Import Lots Data'!C:C))<>"STD Value")*(_xlfn._xlws.SORT(_xlfn.UNIQUE(' Import Lots Data'!C:C))<>"")))} -> --- | C2: {=_xlfn._xlws.FILTER(_xlfn._xlws.SORT(_xlfn.UNIQUE(' Import Lots Data'!C:C)),(_xlfn._xlws.SORT(_xlfn.UNIQUE(' Import Lots Data'!C:C))<>"STD Value")*(_xlfn._xlws.SORT(_xlfn.UNIQUE(' Import Lots Data'!C:C))<>""))} -> 0 | D2: {=IF(_xlfn.ANCHORARRAY(C2)<>"",IF(H3="&",$G$3*50%+_xlfn.ANCHORARRAY(C2)*$I$3*50%,IF($G$3*50%>(_xlfn.ANCHORARRAY(C2)*$I$3)*50%,$G$3*50%,(_xlfn.ANCHORARRAY(C2)*$I$3)*50%)),"")} -> 1 | E2: P/Final | F2: 0 | G2: Fixed | H2: & / or | I2: Percent | J2: ='Import Hanna Code'!L39 -> 100% | AW2: {=_xlfn.NUMBERVALUE(_xlfn.ANCHORARRAY(BA2)+0.1)} -> 1.1 | AX2: {=_xlfn.NUMBERVALUE(_xlfn.ANCHORARRAY(BA2)+0.1)} -> 1.1 | AY2: {=IFERROR(_xlfn.SORTBY(_xlfn._xlws.FILTER(' Import Lots Data'!A:A,((' Import Lots Data'!E:E=E2)+(' Import Lots Data'!E:E=E3)+(' Import Lots Data'!E:E=E4)+(' Import Lots Data'!E:E=E5)+(' Import Lots Data'!E:E=E6)+(' Import Lots Data'!E:E=E7))*((' Import Lots Data'!C:C=F2)+(' Import Lots Data'!C:C=F3)+(' Import Lots Data'!C:C=F4)+(' Import Lots Data'!C:C=F5)+(' Import Lots Data'!C:C=F6)+(' Import Lots Data'!C:C=F7)),),_xlfn._xlws.FILTER(' Import Lots Data'!F:F,((' Import Lots Data'!E:E=E2)+(' Import Lots Data'!E:E=E3)+(' Import Lots Data'!E:E=E4)+(' Import Lots Data'!E:E=E5)+(' Import Lots Data'!E:E=E6)+(' Import Lots Data'!E:E=E7))*((' Import Lots Data'!C:C=F2)+(' Import Lots Data'!C:C=F3)+(' Import Lots Data'!C:C=F4)+(' Import Lots Data'!C:C=F5)+(' Import Lots Data'!C:C=F6)+(' Import Lots Data'!C:C=F7)),)),0)} -> R080_HI782-0_0.0_LOT0366_PWW49.1_QC.xlsx | AZ2: {=_xlfn.TEXTBEFORE(_xlfn.TEXTAFTER(_xlfn.ANCHORARRAY(AY2),"_",3),"_",1)} -> LOT0366 | BA2: {=_xlfn.NUMBERVALUE(_xlfn.XLOOKUP(_xlfn.ANCHORARRAY(AZ2),_xlfn.ANCHORARRAY(BH2),_xlfn.ANCHORARRAY(BI2)))} -> 1 | BB2: {=IFERROR(_xlfn.SORTBY(_xlfn._xlws.FILTER(' Import Lots Data'!E:E,((' Import Lots Data'!E:E=E2)+(' Import Lots Data'!E:E=E3)+(' Import Lots Data'!E:E=E4)+(' Import Lots Data'!E:E=E5)+(' Import Lots Data'!E:E=E6)+(' Import Lots Data'!E:E=E7))*((' Import Lots Data'!C:C=F2)+(' Import Lots Data'!C:C=F3)+(' Import Lots Data'!C:C=F4)+(' Import Lots Data'!C:C=F5)+(' Import Lots Data'!C:C=F6)+(' Import Lots Data'!C:C=F7)),),_xlfn._xlws.FILTER(' Import Lots Data'!F:F,((' Import Lots Data'!E:E=E2)+(' Import Lots Data'!E:E=E3)+(' Import Lots Data'!E:E=E4)+(' Import Lots Data'!E:E=E5)+(' Import Lots Data'!E:E=E6)+(' Import Lots Data'!E:E=E7))*((' Import Lots Data'!C:C=F2)+(' Import Lots Data'!C:C=F3)+(' Import Lots Data'!C:C=F4)+(' Import Lots Data'!C:C=F5)+(' Import Lots Data'!C:C=F6)+(' Import Lots Data'!C:C=F7)),)),0)} -> P/Final | BC2: {=_xlfn.NUMBERVALUE(IFERROR(_xlfn.SORTBY(_xlfn._xlws.FILTER(' Import Lots Data'!C:C,((' Import Lots Data'!E:E=E2)+(' Import Lots Data'!E:E=E3)+(' Import Lots Data'!E:E=E4)+(' Import Lots Data'!E:E=E5)+(' Import Lots Data'!E:E=E6)+(' Import Lots Data'!E:E=E7))*((' Import Lots Data'!C:C=F2)+(' Import Lots Data'!C:C=F3)+(' Import Lots Data'!C:C=F4)+(' Import Lots Data'!C:C=F5)+(' Import Lots Data'!C:C=F6)+(' Import Lots Data'!C:C=F7)),),_xlfn._xlws.FILTER(' Import Lots Data'!F:F,((' Import Lots Data'!E:E=E2)+(' Import Lots Data'!E:E=E3)+(' Import Lots Data'!E:E=E4)+(' Import Lots Data'!E:E=E5)+(' Import Lots Data'!E:E=E6)+(' Import Lots Data'!E:E=E7))*((' Import Lots Data'!C:C=F2)+(' Import Lots Data'!C:C=F3)+(' Import Lots Data'!C:C=F4)+(' Import Lots Data'!C:C=F5)+(' Import Lots Data'!C:C=F6)+(' Import Lots Data'!C:C=F7)),)),0))} -> 0 | BD2: {=_xlfn.NUMBERVALUE(IFERROR(_xlfn.SORTBY(_xlfn._xlws.FILTER(' Import Lots Data'!L:L,((' Import Lots Data'!E:E=E2)+(' Import Lots Data'!E:E=E3)+(' Import Lots Data'!E:E=E4)+(' Import Lots Data'!E:E=E5)+(' Import Lots Data'!E:E=E6)+(' Import Lots Data'!E:E=E7))*((' Import Lots Data'!C:C=F2)+(' Import Lots Data'!C:C=F3)+(' Import Lots Data'!C:C=F4)+(' Import Lots Data'!C:C=F5)+(' Import Lots Data'!C:C=F6)+(' Import Lots Data'!C:C=F7)),),_xlfn._xlws.FILTER(' Import Lots Data'!F:F,((' Import Lots Data'!E:E=E2)+(' Import Lots Data'!E:E=E3)+(' Import Lots Data'!E:E=E4)+(' Import Lots Data'!E:E=E5)+(' Import Lots Data'!E:E=E6)+(' Import Lots Data'!E:E=E7))*((' Import Lots Data'!C:C=F2)+(' Import Lots Data'!C:C=F3)+(' Import Lots Data'!C:C=F4)+(' Import Lots Data'!C:C=F5)+(' Import Lots Data'!C:C=F6)+(' Import Lots Data'!C:C=F7)),)),0))} -> 0.4 | BE2: {=_xlfn.NUMBERVALUE(IFERROR(_xlfn.SORTBY(_xlfn._xlws.FILTER(' Import Lots Data'!M:M,((' Import Lots Data'!E:E=E2)+(' Import Lots Data'!E:E=E3)+(' Import Lots Data'!E:E=E4)+(' Import Lots Data'!E:E=E5)+(' Import Lots Data'!E:E=E6)+(' Import Lots Data'!E:E=E7))*((' Import Lots Data'!C:C=F2)+(' Import Lots Data'!C:C=F3)+(' Import Lots Data'!C:C=F4)+(' Import Lots Data'!C:C=F5)+(' Import Lots Data'!C:C=F6)+(' Import Lots Data'!C:C=F7)),),_xlfn._xlws.FILTER(' Import Lots Data'!F:F,((' Import Lots Data'!E:E=E2)+(' Import Lots Data'!E:E=E3)+(' Import Lots Data'!E:E=E4)+(' Import Lots Data'!E:E=E5)+(' Import Lots Data'!E:E=E6)+(' Import Lots Data'!E:E=E7))*((' Import Lots Data'!C:C=F2)+(' Import Lots Data'!C:C=F3)+(' Import Lots Data'!C:C=F4)+(' Import Lots Data'!C:C=F5)+(' Import Lots Data'!C:C=F6)+(' Import Lots Data'!C:C=F7)),)),0))} -> 0 | BF2: {=_xlfn.NUMBERVALUE(IFERROR(_xlfn.SORTBY(_xlfn._xlws.FILTER(' Import Lots Data'!N:N,((' Import Lots Data'!E:E=E2)+(' Import Lots Data'!E:E=E3)+(' Import Lots Data'!E:E=E4)+(' Import Lots Data'!E:E=E5)+(' Import Lots Data'!E:E=E6)+(' Import Lots Data'!E:E=E7))*((' Import Lots Data'!C:C=F2)+(' Import Lots Data'!C:C=F3)+(' Import Lots Data'!C:C=F4)+(' Import Lots Data'!C:C=F5)+(' Import Lots Data'!C:C=F6)+(' Import Lots Data'!C:C=F7)),),_xlfn._xlws.FILTER(' Import Lots Data'!F:F,((' Import Lots Data'!E:E=E2)+(' Import Lots Data'!E:E=E3)+(' Import Lots Data'!E:E=E4)+(' Import Lots Data'!E:E=E5)+(' Import Lots Data'!E:E=E6)+(' Import Lots Data'!E:E=E7))*((' Import Lots Data'!C:C=F2)+(' Import Lots Data'!C:C=F3)+(' Import Lots Data'!C:C=F4)+(' Import Lots Data'!C:C=F5)+(' Import Lots Data'!C:C=F6)+(' Import Lots Data'!C:C=F7)),)),0))} -> 0 | BG2: {=_xlfn.NUMBERVALUE(IFERROR(_xlfn.SORTBY(_xlfn._xlws.FILTER(' Import Lots Data'!F:F,((' Import Lots Data'!E:E=E2)+(' Import Lots Data'!E:E=E3)+(' Import Lots Data'!E:E=E4)+(' Import Lots Data'!E:E=E5)+(' Import Lots Data'!E:E=E6)+(' Import Lots Data'!E:E=E7))*((' Import Lots Data'!C:C=F2)+(' Import Lots Data'!C:C=F3)+(' Import Lots Data'!C:C=F4)+(' Import Lots Data'!C:C=F5)+(' Import Lots Data'!C:C=F6)+(' Import Lots Data'!C:C=F7)),),_xlfn._xlws.FILTER(' Import Lots Data'!F:F,((' Import Lots Data'!E:E=E2)+(' Import Lots Data'!E:E=E3)+(' Import Lots Data'!E:E=E4)+(' Import Lots Data'!E:E=E5)+(' Import Lots Data'!E:E=E6)+(' Import Lots Data'!E:E=E7))*((' Import Lots Data'!C:C=F2)+(' Import Lots Data'!C:C=F3)+(' Import Lots Data'!C:C=F4)+(' Import Lots Data'!C:C=F5)+(' Import Lots Data'!C:C=F6)+(' Import Lots Data'!C:C=F7)),)),0))} -> 45299 | BH2: {=_xlfn.UNIQUE(_xlfn.ANCHORARRAY(AZ2),FALSE,FALSE)} -> LOT0366 | BI2: {=IF(_xlfn.ANCHORARRAY(BH2)<>"",_xlfn.NUMBERVALUE(ROW(_xlfn.ANCHORARRAY(BH2))-1),"")} -> 1 | BJ2: {=IF(_xlfn.ANCHORARRAY(BH2)<>"",IF(B3<>"",_xlfn.NUMBERVALUE(B3),""),"")} -> 0 | BK2: {=IF(_xlfn.ANCHORARRAY(BH2)<>"",IF(B4<>"",_xlfn.NUMBERVALUE(B4),""),"")} -> 15 | BL2: {=IF(_xlfn.ANCHORARRAY(BH2)<>"",IF(B5<>"",_xlfn.NUMBERVALUE(B5),""),"")} -> 35 | BM2: {=IF(_xlfn.ANCHORARRAY(BH2)<>"",IF(B6<>"",_xlfn.NUMBERVALUE(B6),""),"")} -> 60 | BN2: {=IF(_xlfn.ANCHORARRAY(BH2)<>"",IF(B7<>"",_xlfn.NUMBERVALUE(B7),""),"")} | BO2: {=IF(_xlfn.ANCHORARRAY(BH2)<>"",IF(B8<>"",_xlfn.NUMBERVALUE(B8),""),"")} | BP2: {=_xlfn._xlws.FILTER(DL2:DL200,BH2:BH200<>"")} -> 0.45 | BQ2: {=_xlfn._xlws.FILTER(DM2:DM200,BH2:BH200<>"")} -> 16.74 | BR2: {=_xlfn._xlws.FILTER(DN2:DN200,BH2:BH200<>"")} -> 38.2 | BS2: {=_xlfn._xlws.FILTER(DO2:DO200,BH2:BH200<>"")} -> 64.46 | BT2: {=_xlfn._xlws.FILTER(DP2:DP200,BH2:BH200<>"")} | BU2: {=_xlfn._xlws.FILTER(DQ2:DQ200,BH2:BH200<>"")} | BV2: {=IF(_xlfn.ANCHORARRAY(BH2)<>"",IF(C2-3*D2*J4<0,0,C2-3*D2*J4),"")} -> 0 | BW2: {=IF(_xlfn.ANCHORARRAY(BH2)<>"",IF(C2-D2*J4<0,0,D2*J4),"")} -> 0 | BX2: {=IF(_xlfn.ANCHORARRAY(BH2)<>"",IF(C2-D2*J4<0,0,D2*J4),"")} -> 0 | BY2: {=IF(_xlfn.ANCHORARRAY(BH2)<>"",IF(C2-D2*J4<0,0,D2*J4),"")} -> 0 | BZ2: {=IF(_xlfn.ANCHORARRAY(BH2)<>"",IF(D2*J4<0,0,D2*J4),"")} -> 1 | CA2: {=IF(_xlfn.ANCHORARRAY(BH2)<>"",IF(D2*J4<0,0,D2*J4),"")} -> 1 | CB2: {=IF(_xlfn.ANCHORARRAY(BH2)<>"",IF(D2*J4<0,0,D2*J4),"")} -> 1 | CC2: {=IF(_xlfn.ANCHORARRAY(BH2)<>"",C3-C2-3*D3-3*D2,"")} -> 7.8975 | CD2: {=IF(_xlfn.ANCHORARRAY(BH2)<>"",IF(D3*J4<0,0,D3*J4),"")} -> 1.3675 | CE2: {=IF(_xlfn.ANCHORARRAY(BH2)<>"",IF(D3*J4<0,0,D3*J4),"")} -> 1.3675 | CF2: {=IF(_xlfn.ANCHORARRAY(BH2)<>"",IF(D3*J4<0,0,D3*J4),"")} -> 1.3675 | CG2: {=IF(_xlfn.ANCHORARRAY(BH2)<>"",IF(D3*J4<0,0,D3*J4),"")} -> 1.3675 | CH2: {=IF(_xlfn.ANCHORARRAY(BH2)<>"",IF(D3*J4<0,0,D3*J4),"")} -> 1.3675 | CI2: {=IF(_xlfn.ANCHORARRAY(BH2)<>"",IF(D3*J4<0,0,D3*J4),"")} -> 1.3675 | CJ2: {=IF(_xlfn.ANCHORARRAY(BH2)<>"",C4-C3-3*D4-3*D3,"")} -> 10.325 | CK2: {=IF(_xlfn.ANCHORARRAY(BH2)<>"",IF(D4*J4<0,0,D4*J4),"")} -> 1.8575 | CL2: {=IF(_xlfn.ANCHORARRAY(BH2)<>"",IF(D4*J4<0,0,D4*J4),"")} -> 1.8575 | CM2: {=IF(_xlfn.ANCHORARRAY(BH2)<>"",IF(D4*J4<0,0,D4*J4),"")} -> 1.8575 | CN2: {=IF(_xlfn.ANCHORARRAY(BH2)<>"",IF(D4*J4<0,0,D4*J4),"")} -> 1.8575 | CO2: {=IF(_xlfn.ANCHORARRAY(BH2)<>"",IF(D4*J4<0,0,D4*J4),"")} -> 1.8575 | CP2: {=IF(_xlfn.ANCHORARRAY(BH2)<>"",IF(D4*J4<0,0,D4*J4),"")} -> 1.8575 | CQ2: {=IF(_xlfn.ANCHORARRAY(BH2)<>"",C5-C4-3*D5-3*D4,"")} -> 12.0175 | CR2: {=IF(_xlfn.ANCHORARRAY(BH2)<>"",IF(D5*J4<0,0,D5*J4),"")} -> 2.47 | CS2: {=IF(_xlfn.ANCHORARRAY(BH2)<>"",IF(D5*J4<0,0,D5*J4),"")} -> 2.47 | CT2: {=IF(_xlfn.ANCHORARRAY(BH2)<>"",IF(D5*J4<0,0,D5*J4),"")} -> 2.47 | CU2: {=IF(_xlfn.ANCHORARRAY(BH2)<>"",IF(D5*J4<0,0,D5*J4),"")} -> 2.47 | CV2: {=IF(_xlfn.ANCHORARRAY(BH2)<>"",IF(D5*J4<0,0,D5*J4),"")} -> 2.47 | CW2: {=IF(_xlfn.ANCHORARRAY(BH2)<>"",IF(D5*J4<0,0,D5*J4),"")} -> 2.47 | CX2: {=IF(_xlfn.ANCHORARRAY(BH2)<>"",C6-C5-3*D6-3*D5,"")} -> -67.41 | CY2: {=IF(_xlfn.ANCHORARRAY(BH2)<>"",IF(D6*J4<0,0,D6*J4),"")} -> 0 | CZ2: {=IF(_xlfn.ANCHORARRAY(BH2)<>"",IF(D6*J4<0,0,D6*J4),"")} -> 0 | DA2: {=IF(_xlfn.ANCHORARRAY(BH2)<>"",IF(D6*J4<0,0,D6*J4),"")} -> 0 | DB2: {=IF(_xlfn.ANCHORARRAY(BH2)<>"",IF(D6*J4<0,0,D6*J4),"")} -> 0 | DC2: {=IF(_xlfn.ANCHORARRAY(BH2)<>"",IF(D6*J4<0,0,D6*J4),"")} -> 0 | DD2: {=IF(_xlfn.ANCHORARRAY(BH2)<>"",IF(D6*J4<0,0,D6*J4),"")} -> 0 | DE2: {=IF(_xlfn.ANCHORARRAY(BH2)<>"",C7-C6-3*D7-3*D6,"")} -> 0 | DF2: {=IF(_xlfn.ANCHORARRAY(BH2)<>"",IF(D7*J4<0,0,D7*J4),"")} -> 0 | DG2: {=IF(_xlfn.ANCHORARRAY(BH2)<>"",IF(D7*J4<0,0,D7*J4),"")} -> 0 | DH2: {=IF(_xlfn.ANCHORARRAY(BH2)<>"",IF(D7*J4<0,0,D7*J4),"")} -> 0 | DI2: {=IF(_xlfn.ANCHORARRAY(BH2)<>"",IF(D7*J4<0,0,D7*J4),"")} -> 0 | DJ2: {=IF(_xlfn.ANCHORARRAY(BH2)<>"",IF(D7*J4<0,0,D7*J4),"")} -> 0 | DK2: {=IF(_xlfn.ANCHORARRAY(BH2)<>"",IF(D7*J4<0,0,D7*J4),"")} -> 0 | DL2: {=IF($BJ2<>"",IFERROR(AVERAGE(_xlfn._xlws.FILTER($BD:$BD,($BA:$BA=$BI2)*($BC:$BC=_xlfn.NUMBERVALUE($BJ2)))),""),"")} -> 0.45 | DM2: {=IF($BK2<>"",IFERROR(AVERAGE(_xlfn._xlws.FILTER($BD:$BD,($BA:$BA=$BI2)*($BC:$BC=_xlfn.NUMBERVALUE($BK2)))),""),"")} -> 16.74 | DN2: {=IF($BL2<>"",IFERROR(AVERAGE(_xlfn._xlws.FILTER($BD:$BD,($BA:$BA=$BI2)*($BC:$BC=_xlfn.NUMBERVALUE($BL2)))),""),"")} -> 38.2 | DO2: {=IF($BM2<>"",IFERROR(AVERAGE(_xlfn._xlws.FILTER($BD:$BD,($BA:$BA=$BI2)*($BC:$BC=_xlfn.NUMBERVALUE($BM2)))),""),"")} -> 64.46 | DP2: {=IF($BN2<>"",IFERROR(AVERAGE(_xlfn._xlws.FILTER($BD:$BD,($BA:$BA=$BI2)*($BC:$BC=_xlfn.NUMBERVALUE($BN2)))),""),"")} | DQ2: {=IF($BO2<>"",IFERROR(AVERAGE(_xlfn._xlws.FILTER($BD:$BD,($BA:$BA=$BI2)*($BC:$BC=_xlfn.NUMBERVALUE($BO2)))),""),"")} | DR2: {=_xlfn._xlws.FILTER(DX2:DX200,BH2:BH200<>"")} -> 0 | DS2: {=_xlfn._xlws.FILTER(DY2:DY200,BH2:BH200<>"")} -> 0 | DT2: {=_xlfn._xlws.FILTER(DZ2:DZ200,BH2:BH200<>"")} -> 0 | DU2: {=_xlfn._xlws.FILTER(EA2:EA200,BH2:BH200<>"")} -> 0 | DV2: {=_xlfn._xlws.FILTER(EB2:EB200,BH2:BH200<>"")} | DW2: {=_xlfn._xlws.FILTER(EC2:EC200,BH2:BH200<>"")} | DX2: {=IF($BJ2<>"",IFERROR(AVERAGE(_xlfn._xlws.FILTER($BE:$BE,($BA:$BA=$BI2)*($BC:$BC=_xlfn.NUMBERVALUE($BJ2)))),""),"")} -> 0 | DY2: {=IF($BK2<>"",IFERROR(AVERAGE(_xlfn._xlws.FILTER($BE:$BE,($BA:$BA=$BI2)*($BC:$BC=_xlfn.NUMBERVALUE($BK2)))),""),"")} -> 0 | DZ2: {=IF($BL2<>"",IFERROR(AVERAGE(_xlfn._xlws.FILTER($BE:$BE,($BA:$BA=$BI2)*($BC:$BC=_xlfn.NUMBERVALUE($BL2)))),""),"")} -> 0 | EA2: {=IF($BM2<>"",IFERROR(AVERAGE(_xlfn._xlws.FILTER($BE:$BE,($BA:$BA=$BI2)*($BC:$BC=_xlfn.NUMBERVALUE($BM2)))),""),"")} -> 0 | EB2: {=IF($BN2<>"",IFERROR(AVERAGE(_xlfn._xlws.FILTER($BE:$BE,($BA:$BA=$BI2)*($BC:$BC=_xlfn.NUMBERVALUE($BN2)))),""),"")} | EC2: {=IF($BO2<>"",IFERROR(AVERAGE(_xlfn._xlws.FILTER($BE:$BE,($BA:$BA=$BI2)*($BC:$BC=_xlfn.NUMBERVALUE($BO2)))),""),"")}
A3: ASTM | B3: 0 | C3: 15 | D3: 1.3675 | E3: P/Prod | F3: 15 | G3: ='Import Hanna Code'!I39 -> 2.0 | H3: ='Import Hanna Code'!J39 -> & | I3: ='Import Hanna Code'!K39 -> 4.9% | J3: Custom QC restriction | AW3: 1.1 | AX3: 1.1 | AY3: R080_HI782-0_0.0_LOT0366_PWW49.1_QC.xlsx | AZ3: LOT0366 | BA3: 1 | BB3: P/Final | BC3: 0 | BD3: 0.4 | BE3: 0 | BF3: 0 | BG3: 45299 | BH3: LOT0367 | BI3: 2 | BJ3: 0 | BK3: 15 | BL3: 35 | BM3: 60 | BP3: 0.525 | BQ3: 16.3 | BR3: 37.675 | BS3: 62.425 | BV3: 0 | BW3: 0 | BX3: 0 | BY3: 0 | BZ3: 1 | CA3: 1 | CB3: 1 | CC3: 7.8975 | CD3: 1.3675 | CE3: 1.3675 | CF3: 1.3675 | CG3: 1.3675 | CH3: 1.3675 | CI3: 1.3675 | CJ3: 10.325 | CK3: 1.8575 | CL3: 1.8575 | CM3: 1.8575 | CN3: 1.8575 | CO3: 1.8575 | CP3: 1.8575 | CQ3: 12.0175 | CR3: 2.47 | CS3: 2.47 | CT3: 2.47 | CU3: 2.47 | CV3: 2.47 | CW3: 2.47 | CX3: -67.41 | CY3: 0 | CZ3: 0 | DA3: 0 | DB3: 0 | DC3: 0 | DD3: 0 | DE3: 0 | DF3: 0 | DG3: 0 | DH3: 0 | DI3: 0 | DJ3: 0 | DK3: 0 | DL3: {=IF($BJ3<>"",IFERROR(AVERAGE(_xlfn._xlws.FILTER($BD:$BD,($BA:$BA=$BI3)*($BC:$BC=_xlfn.NUMBERVALUE($BJ3)))),""),"")} -> 0.525 | DM3: {=IF($BK3<>"",IFERROR(AVERAGE(_xlfn._xlws.FILTER($BD:$BD,($BA:$BA=$BI3)*($BC:$BC=_xlfn.NUMBERVALUE($BK3)))),""),"")} -> 16.3 | DN3: {=IF($BL3<>"",IFERROR(AVERAGE(_xlfn._xlws.FILTER($BD:$BD,($BA:$BA=$BI3)*($BC:$BC=_xlfn.NUMBERVALUE($BL3)))),""),"")} -> 37.675 | DO3: {=IF($BM3<>"",IFERROR(AVERAGE(_xlfn._xlws.FILTER($BD:$BD,($BA:$BA=$BI3)*($BC:$BC=_xlfn.NUMBERVALUE($BM3)))),""),"")} -> 62.425 | DP3: {=IF($BN3<>"",IFERROR(AVERAGE(_xlfn._xlws.FILTER($BD:$BD,($BA:$BA=$BI3)*($BC:$BC=_xlfn.NUMBERVALUE($BN3)))),""),"")} | DQ3: {=IF($BO3<>"",IFERROR(AVERAGE(_xlfn._xlws.FILTER($BD:$BD,($BA:$BA=$BI3)*($BC:$BC=_xlfn.NUMBERVALUE($BO3)))),""),"")} | DR3: 0 | DS3: 0 | DT3: 0 | DU3: 0 | DX3: {=IF($BJ3<>"",IFERROR(AVERAGE(_xlfn._xlws.FILTER($BE:$BE,($BA:$BA=$BI3)*($BC:$BC=_xlfn.NUMBERVALUE($BJ3)))),""),"")} -> 0 | DY3: {=IF($BK3<>"",IFERROR(AVERAGE(_xlfn._xlws.FILTER($BE:$BE,($BA:$BA=$BI3)*($BC:$BC=_xlfn.NUMBERVALUE($BK3)))),""),"")} -> 0 | DZ3: {=IF($BL3<>"",IFERROR(AVERAGE(_xlfn._xlws.FILTER($BE:$BE,($BA:$BA=$BI3)*($BC:$BC=_xlfn.NUMBERVALUE($BL3)))),""),"")} -> 0 | EA3: {=IF($BM3<>"",IFERROR(AVERAGE(_xlfn._xlws.FILTER($BE:$BE,($BA:$BA=$BI3)*($BC:$BC=_xlfn.NUMBERVALUE($BM3)))),""),"")} -> 0 | EB3: {=IF($BN3<>"",IFERROR(AVERAGE(_xlfn._xlws.FILTER($BE:$BE,($BA:$BA=$BI3)*($BC:$BC=_xlfn.NUMBERVALUE($BN3)))),""),"")} | EC3: {=IF($BO3<>"",IFERROR(AVERAGE(_xlfn._xlws.FILTER($BE:$BE,($BA:$BA=$BI3)*($BC:$BC=_xlfn.NUMBERVALUE($BO3)))),""),"")}
A4: ASTM D665 | B4: 15 | C4: 35 | D4: 1.8575 | E4: --- | F4: 35 | J4: 1 | AW4: 1.1 | AX4: 1.1 | AY4: R080_HI782-0_0.0_LOT0366_PWW49.1_QC.xlsx | AZ4: LOT0366 | BA4: 1 | BB4: P/Final | BC4: 0 | BD4: 0.4 | BE4: 0 | BF4: 0 | BG4: 45299 | BH4: LOT0418 | BI4: 3 | BJ4: 0 | BK4: 15 | BL4: 35 | BM4: 60 | BP4: 0 | BQ4: 16.230769 | BR4: 36.206667 | BS4: 64.05 | BV4: 0 | BW4: 0 | BX4: 0 | BY4: 0 | BZ4: 1 | CA4: 1 | CB4: 1 | CC4: 7.8975 | CD4: 1.3675 | CE4: 1.3675 | CF4: 1.3675 | CG4: 1.3675 | CH4: 1.3675 | CI4: 1.3675 | CJ4: 10.325 | CK4: 1.8575 | CL4: 1.8575 | CM4: 1.8575 | CN4: 1.8575 | CO4: 1.8575 | CP4: 1.8575 | CQ4: 12.0175 | CR4: 2.47 | CS4: 2.47 | CT4: 2.47 | CU4: 2.47 | CV4: 2.47 | CW4: 2.47 | CX4: -67.41 | CY4: 0 | CZ4: 0 | DA4: 0 | DB4: 0 | DC4: 0 | DD4: 0 | DE4: 0 | DF4: 0 | DG4: 0 | DH4: 0 | DI4: 0 | DJ4: 0 | DK4: 0 | DL4: {=IF($BJ4<>"",IFERROR(AVERAGE(_xlfn._xlws.FILTER($BD:$BD,($BA:$BA=$BI4)*($BC:$BC=_xlfn.NUMBERVALUE($BJ4)))),""),"")} -> 0 | DM4: {=IF($BK4<>"",IFERROR(AVERAGE(_xlfn._xlws.FILTER($BD:$BD,($BA:$BA=$BI4)*($BC:$BC=_xlfn.NUMBERVALUE($BK4)))),""),"")} -> 16.230769 | DN4: {=IF($BL4<>"",IFERROR(AVERAGE(_xlfn._xlws.FILTER($BD:$BD,($BA:$BA=$BI4)*($BC:$BC=_xlfn.NUMBERVALUE($BL4)))),""),"")} -> 36.206667 | DO4: {=IF($BM4<>"",IFERROR(AVERAGE(_xlfn._xlws.FILTER($BD:$BD,($BA:$BA=$BI4)*($BC:$BC=_xlfn.NUMBERVALUE($BM4)))),""),"")} -> 64.05 | DP4: {=IF($BN4<>"",IFERROR(AVERAGE(_xlfn._xlws.FILTER($BD:$BD,($BA:$BA=$BI4)*($BC:$BC=_xlfn.NUMBERVALUE($BN4)))),""),"")} | DQ4: {=IF($BO4<>"",IFERROR(AVERAGE(_xlfn._xlws.FILTER($BD:$BD,($BA:$BA=$BI4)*($BC:$BC=_xlfn.NUMBERVALUE($BO4)))),""),"")} | DR4: 0 | DS4: 0 | DT4: 0 | DU4: 0 | DX4: {=IF($BJ4<>"",IFERROR(AVERAGE(_xlfn._xlws.FILTER($BE:$BE,($BA:$BA=$BI4)*($BC:$BC=_xlfn.NUMBERVALUE($BJ4)))),""),"")} -> 0 | DY4: {=IF($BK4<>"",IFERROR(AVERAGE(_xlfn._xlws.FILTER($BE:$BE,($BA:$BA=$BI4)*($BC:$BC=_xlfn.NUMBERVALUE($BK4)))),""),"")} -> 0 | DZ4: {=IF($BL4<>"",IFERROR(AVERAGE(_xlfn._xlws.FILTER($BE:$BE,($BA:$BA=$BI4)*($BC:$BC=_xlfn.NUMBERVALUE($BL4)))),""),"")} -> 0 | EA4: {=IF($BM4<>"",IFERROR(AVERAGE(_xlfn._xlws.FILTER($BE:$BE,($BA:$BA=$BI4)*($BC:$BC=_xlfn.NUMBERVALUE($BM4)))),""),"")} -> 0 | EB4: {=IF($BN4<>"",IFERROR(AVERAGE(_xlfn._xlws.FILTER($BE:$BE,($BA:$BA=$BI4)*($BC:$BC=_xlfn.NUMBERVALUE($BN4)))),""),"")} | EC4: {=IF($BO4<>"",IFERROR(AVERAGE(_xlfn._xlws.FILTER($BE:$BE,($BA:$BA=$BI4)*($BC:$BC=_xlfn.NUMBERVALUE($BO4)))),""),"")}
A5: EPP:170mg | B5: 35 | C5: 60 | D5: 2.47 | E5: --- | F5: 60 | AW5: 1.1 | AX5: 1.1 | AY5: R080_HI782-0_0.0_LOT0366_PWW49.1_QC.xlsx | AZ5: LOT0366 | BA5: 1 | BB5: P/Final | BC5: 0 | BD5: 0.6 | BE5: 0 | BF5: 0 | BG5: 45299 | BH5: LOT0428 | BI5: 4 | BJ5: 0 | BK5: 15 | BL5: 35 | BM5: 60 | BP5: 0.13333333 | BQ5: 15.358824 | BR5: 35.238095 | BS5: 60.541176 | BV5: 0 | BW5: 0 | BX5: 0 | BY5: 0 | BZ5: 1 | CA5: 1 | CB5: 1 | CC5: 7.8975 | CD5: 1.3675 | CE5: 1.3675 | CF5: 1.3675 | CG5: 1.3675 | CH5: 1.3675 | CI5: 1.3675 | CJ5: 10.325 | CK5: 1.8575 | CL5: 1.8575 | CM5: 1.8575 | CN5: 1.8575 | CO5: 1.8575 | CP5: 1.8575 | CQ5: 12.0175 | CR5: 2.47 | CS5: 2.47 | CT5: 2.47 | CU5: 2.47 | CV5: 2.47 | CW5: 2.47 | CX5: -67.41 | CY5: 0 | CZ5: 0 | DA5: 0 | DB5: 0 | DC5: 0 | DD5: 0 | DE5: 0 | DF5: 0 | DG5: 0 | DH5: 0 | DI5: 0 | DJ5: 0 | DK5: 0 | DL5: {=IF($BJ5<>"",IFERROR(AVERAGE(_xlfn._xlws.FILTER($BD:$BD,($BA:$BA=$BI5)*($BC:$BC=_xlfn.NUMBERVALUE($BJ5)))),""),"")} -> 0.13333333 | DM5: {=IF($BK5<>"",IFERROR(AVERAGE(_xlfn._xlws.FILTER($BD:$BD,($BA:$BA=$BI5)*($BC:$BC=_xlfn.NUMBERVALUE($BK5)))),""),"")} -> 15.358824 | DN5: {=IF($BL5<>"",IFERROR(AVERAGE(_xlfn._xlws.FILTER($BD:$BD,($BA:$BA=$BI5)*($BC:$BC=_xlfn.NUMBERVALUE($BL5)))),""),"")} -> 35.238095 | DO5: {=IF($BM5<>"",IFERROR(AVERAGE(_xlfn._xlws.FILTER($BD:$BD,($BA:$BA=$BI5)*($BC:$BC=_xlfn.NUMBERVALUE($BM5)))),""),"")} -> 60.541176 | DP5: {=IF($BN5<>"",IFERROR(AVERAGE(_xlfn._xlws.FILTER($BD:$BD,($BA:$BA=$BI5)*($BC:$BC=_xlfn.NUMBERVALUE($BN5)))),""),"")} | DQ5: {=IF($BO5<>"",IFERROR(AVERAGE(_xlfn._xlws.FILTER($BD:$BD,($BA:$BA=$BI5)*($BC:$BC=_xlfn.NUMBERVALUE($BO5)))),""),"")} | DR5: 0 | DS5: 0 | DT5: 0 | DU5: 0 | DX5: {=IF($BJ5<>"",IFERROR(AVERAGE(_xlfn._xlws.FILTER($BE:$BE,($BA:$BA=$BI5)*($BC:$BC=_xlfn.NUMBERVALUE($BJ5)))),""),"")} -> 0 | DY5: {=IF($BK5<>"",IFERROR(AVERAGE(_xlfn._xlws.FILTER($BE:$BE,($BA:$BA=$BI5)*($BC:$BC=_xlfn.NUMBERVALUE($BK5)))),""),"")} -> 0 | DZ5: {=IF($BL5<>"",IFERROR(AVERAGE(_xlfn._xlws.FILTER($BE:$BE,($BA:$BA=$BI5)*($BC:$BC=_xlfn.NUMBERVALUE($BL5)))),""),"")} -> 0 | EA5: {=IF($BM5<>"",IFERROR(AVERAGE(_xlfn._xlws.FILTER($BE:$BE,($BA:$BA=$BI5)*($BC:$BC=_xlfn.NUMBERVALUE($BM5)))),""),"")} -> 0 | EB5: {=IF($BN5<>"",IFERROR(AVERAGE(_xlfn._xlws.FILTER($BE:$BE,($BA:$BA=$BI5)*($BC:$BC=_xlfn.NUMBERVALUE($BN5)))),""),"")} | EC5: {=IF($BO5<>"",IFERROR(AVERAGE(_xlfn._xlws.FILTER($BE:$BE,($BA:$BA=$BI5)*($BC:$BC=_xlfn.NUMBERVALUE($BO5)))),""),"")}
A6: EPP:171mg | B6: 60 | E6: --- | F6: --- | AW6: 1.1 | AX6: 1.1 | AY6: R080_HI782-0_0.0_LOT0366_PWW49.1_QC.xlsx | AZ6: LOT0366 | BA6: 1 | BB6: P/Final | BC6: 15 | BD6: 16.6 | BE6: 0 | BF6: 0 | BG6: 45299 | BH6: LOT0450 | BI6: 5 | BJ6: 0 | BK6: 15 | BL6: 35 | BM6: 60 | BP6: 0.6 | BQ6: 17.186957 | BR6: 38.442857 | BS6: 62.014286 | BV6: 0 | BW6: 0 | BX6: 0 | BY6: 0 | BZ6: 1 | CA6: 1 | CB6: 1 | CC6: 7.8975 | CD6: 1.3675 | CE6: 1.3675 | CF6: 1.3675 | CG6: 1.3675 | CH6: 1.3675 | CI6: 1.3675 | CJ6: 10.325 | CK6: 1.8575 | CL6: 1.8575 | CM6: 1.8575 | CN6: 1.8575 | CO6: 1.8575 | CP6: 1.8575 | CQ6: 12.0175 | CR6: 2.47 | CS6: 2.47 | CT6: 2.47 | CU6: 2.47 | CV6: 2.47 | CW6: 2.47 | CX6: -67.41 | CY6: 0 | CZ6: 0 | DA6: 0 | DB6: 0 | DC6: 0 | DD6: 0 | DE6: 0 | DF6: 0 | DG6: 0 | DH6: 0 | DI6: 0 | DJ6: 0 | DK6: 0 | DL6: {=IF($BJ6<>"",IFERROR(AVERAGE(_xlfn._xlws.FILTER($BD:$BD,($BA:$BA=$BI6)*($BC:$BC=_xlfn.NUMBERVALUE($BJ6)))),""),"")} -> 0.6 | DM6: {=IF($BK6<>"",IFERROR(AVERAGE(_xlfn._xlws.FILTER($BD:$BD,($BA:$BA=$BI6)*($BC:$BC=_xlfn.NUMBERVALUE($BK6)))),""),"")} -> 17.186957 | DN6: {=IF($BL6<>"",IFERROR(AVERAGE(_xlfn._xlws.FILTER($BD:$BD,($BA:$BA=$BI6)*($BC:$BC=_xlfn.NUMBERVALUE($BL6)))),""),"")} -> 38.442857 | DO6: {=IF($BM6<>"",IFERROR(AVERAGE(_xlfn._xlws.FILTER($BD:$BD,($BA:$BA=$BI6)*($BC:$BC=_xlfn.NUMBERVALUE($BM6)))),""),"")} -> 62.014286 | DP6: {=IF($BN6<>"",IFERROR(AVERAGE(_xlfn._xlws.FILTER($BD:$BD,($BA:$BA=$BI6)*($BC:$BC=_xlfn.NUMBERVALUE($BN6)))),""),"")} | DQ6: {=IF($BO6<>"",IFERROR(AVERAGE(_xlfn._xlws.FILTER($BD:$BD,($BA:$BA=$BI6)*($BC:$BC=_xlfn.NUMBERVALUE($BO6)))),""),"")} | DR6: 0 | DS6: 0 | DT6: 0 | DU6: 0 | DX6: {=IF($BJ6<>"",IFERROR(AVERAGE(_xlfn._xlws.FILTER($BE:$BE,($BA:$BA=$BI6)*($BC:$BC=_xlfn.NUMBERVALUE($BJ6)))),""),"")} -> 0 | DY6: {=IF($BK6<>"",IFERROR(AVERAGE(_xlfn._xlws.FILTER($BE:$BE,($BA:$BA=$BI6)*($BC:$BC=_xlfn.NUMBERVALUE($BK6)))),""),"")} -> 0 | DZ6: {=IF($BL6<>"",IFERROR(AVERAGE(_xlfn._xlws.FILTER($BE:$BE,($BA:$BA=$BI6)*($BC:$BC=_xlfn.NUMBERVALUE($BL6)))),""),"")} -> 0 | EA6: {=IF($BM6<>"",IFERROR(AVERAGE(_xlfn._xlws.FILTER($BE:$BE,($BA:$BA=$BI6)*($BC:$BC=_xlfn.NUMBERVALUE($BM6)))),""),"")} -> 0 | EB6: {=IF($BN6<>"",IFERROR(AVERAGE(_xlfn._xlws.FILTER($BE:$BE,($BA:$BA=$BI6)*($BC:$BC=_xlfn.NUMBERVALUE($BN6)))),""),"")} | EC6: {=IF($BO6<>"",IFERROR(AVERAGE(_xlfn._xlws.FILTER($BE:$BE,($BA:$BA=$BI6)*($BC:$BC=_xlfn.NUMBERVALUE($BO6)))),""),"")}
A7: EPP:172mg | E7: --- | F7: --- | AW7: 1.1 | AX7: 1.1 | AY7: R080_HI782-0_0.0_LOT0366_PWW49.1_QC.xlsx | AZ7: LOT0366 | BA7: 1 | BB7: P/Final | BC7: 15 | BD7: 17.2 | BE7: 0 | BF7: 0 | BG7: 45299 | BH7: LOT0473 | BI7: 6 | BJ7: 0 | BK7: 15 | BL7: 35 | BM7: 60 | BP7: 0.35 | BQ7: 15.823077 | BR7: 37.15625 | BS7: 59.409091 | BV7: 0 | BW7: 0 | BX7: 0 | BY7: 0 | BZ7: 1 | CA7: 1 | CB7: 1 | CC7: 7.8975 | CD7: 1.3675 | CE7: 1.3675 | CF7: 1.3675 | CG7: 1.3675 | CH7: 1.3675 | CI7: 1.3675 | CJ7: 10.325 | CK7: 1.8575 | CL7: 1.8575 | CM7: 1.8575 | CN7: 1.8575 | CO7: 1.8575 | CP7: 1.8575 | CQ7: 12.0175 | CR7: 2.47 | CS7: 2.47 | CT7: 2.47 | CU7: 2.47 | CV7: 2.47 | CW7: 2.47 | CX7: -67.41 | CY7: 0 | CZ7: 0 | DA7: 0 | DB7: 0 | DC7: 0 | DD7: 0 | DE7: 0 | DF7: 0 | DG7: 0 | DH7: 0 | DI7: 0 | DJ7: 0 | DK7: 0 | DL7: {=IF($BJ7<>"",IFERROR(AVERAGE(_xlfn._xlws.FILTER($BD:$BD,($BA:$BA=$BI7)*($BC:$BC=_xlfn.NUMBERVALUE($BJ7)))),""),"")} -> 0.35 | DM7: {=IF($BK7<>"",IFERROR(AVERAGE(_xlfn._xlws.FILTER($BD:$BD,($BA:$BA=$BI7)*($BC:$BC=_xlfn.NUMBERVALUE($BK7)))),""),"")} -> 15.823077 | DN7: {=IF($BL7<>"",IFERROR(AVERAGE(_xlfn._xlws.FILTER($BD:$BD,($BA:$BA=$BI7)*($BC:$BC=_xlfn.NUMBERVALUE($BL7)))),""),"")} -> 37.15625 | DO7: {=IF($BM7<>"",IFERROR(AVERAGE(_xlfn._xlws.FILTER($BD:$BD,($BA:$BA=$BI7)*($BC:$BC=_xlfn.NUMBERVALUE($BM7)))),""),"")} -> 59.409091 | DP7: {=IF($BN7<>"",IFERROR(AVERAGE(_xlfn._xlws.FILTER($BD:$BD,($BA:$BA=$BI7)*($BC:$BC=_xlfn.NUMBERVALUE($BN7)))),""),"")} | DQ7: {=IF($BO7<>"",IFERROR(AVERAGE(_xlfn._xlws.FILTER($BD:$BD,($BA:$BA=$BI7)*($BC:$BC=_xlfn.NUMBERVALUE($BO7)))),""),"")} | DR7: 0 | DS7: 0 | DT7: 0 | DU7: 0 | DX7: {=IF($BJ7<>"",IFERROR(AVERAGE(_xlfn._xlws.FILTER($BE:$BE,($BA:$BA=$BI7)*($BC:$BC=_xlfn.NUMBERVALUE($BJ7)))),""),"")} -> 0 | DY7: {=IF($BK7<>"",IFERROR(AVERAGE(_xlfn._xlws.FILTER($BE:$BE,($BA:$BA=$BI7)*($BC:$BC=_xlfn.NUMBERVALUE($BK7)))),""),"")} -> 0 | DZ7: {=IF($BL7<>"",IFERROR(AVERAGE(_xlfn._xlws.FILTER($BE:$BE,($BA:$BA=$BI7)*($BC:$BC=_xlfn.NUMBERVALUE($BL7)))),""),"")} -> 0 | EA7: {=IF($BM7<>"",IFERROR(AVERAGE(_xlfn._xlws.FILTER($BE:$BE,($BA:$BA=$BI7)*($BC:$BC=_xlfn.NUMBERVALUE($BM7)))),""),"")} -> 0 | EB7: {=IF($BN7<>"",IFERROR(AVERAGE(_xlfn._xlws.FILTER($BE:$BE,($BA:$BA=$BI7)*($BC:$BC=_xlfn.NUMBERVALUE($BN7)))),""),"")} | EC7: {=IF($BO7<>"",IFERROR(AVERAGE(_xlfn._xlws.FILTER($BE:$BE,($BA:$BA=$BI7)*($BC:$BC=_xlfn.NUMBERVALUE($BO7)))),""),"")}
A8: EPP:250mg | AW8: 1.1 | AX8: 1.1 | AY8: R080_HI782-0_0.0_LOT0366_PWW49.1_QC.xlsx | AZ8: LOT0366 | BA8: 1 | BB8: P/Final | BC8: 15 | BD8: 17 | BE8: 0 | BF8: 0 | BG8: 45299 | BH8: LOT0504 | BI8: 7 | BJ8: 0 | BK8: 15 | BL8: 35 | BM8: 60 | BP8: 0 | BQ8: 16.478947 | BR8: 37.93913 | BS8: 62.090476 | BV8: 0 | BW8: 0 | BX8: 0 | BY8: 0 | BZ8: 1 | CA8: 1 | CB8: 1 | CC8: 7.8975 | CD8: 1.3675 | CE8: 1.3675 | CF8: 1.3675 | CG8: 1.3675 | CH8: 1.3675 | CI8: 1.3675 | CJ8: 10.325 | CK8: 1.8575 | CL8: 1.8575 | CM8: 1.8575 | CN8: 1.8575 | CO8: 1.8575 | CP8: 1.8575 | CQ8: 12.0175 | CR8: 2.47 | CS8: 2.47 | CT8: 2.47 | CU8: 2.47 | CV8: 2.47 | CW8: 2.47 | CX8: -67.41 | CY8: 0 | CZ8: 0 | DA8: 0 | DB8: 0 | DC8: 0 | DD8: 0 | DE8: 0 | DF8: 0 | DG8: 0 | DH8: 0 | DI8: 0 | DJ8: 0 | DK8: 0 | DL8: {=IF($BJ8<>"",IFERROR(AVERAGE(_xlfn._xlws.FILTER($BD:$BD,($BA:$BA=$BI8)*($BC:$BC=_xlfn.NUMBERVALUE($BJ8)))),""),"")} -> 0 | DM8: {=IF($BK8<>"",IFERROR(AVERAGE(_xlfn._xlws.FILTER($BD:$BD,($BA:$BA=$BI8)*($BC:$BC=_xlfn.NUMBERVALUE($BK8)))),""),"")} -> 16.478947 | DN8: {=IF($BL8<>"",IFERROR(AVERAGE(_xlfn._xlws.FILTER($BD:$BD,($BA:$BA=$BI8)*($BC:$BC=_xlfn.NUMBERVALUE($BL8)))),""),"")} -> 37.93913 | DO8: {=IF($BM8<>"",IFERROR(AVERAGE(_xlfn._xlws.FILTER($BD:$BD,($BA:$BA=$BI8)*($BC:$BC=_xlfn.NUMBERVALUE($BM8)))),""),"")} -> 62.090476 | DP8: {=IF($BN8<>"",IFERROR(AVERAGE(_xlfn._xlws.FILTER($BD:$BD,($BA:$BA=$BI8)*($BC:$BC=_xlfn.NUMBERVALUE($BN8)))),""),"")} | DQ8: {=IF($BO8<>"",IFERROR(AVERAGE(_xlfn._xlws.FILTER($BD:$BD,($BA:$BA=$BI8)*($BC:$BC=_xlfn.NUMBERVALUE($BO8)))),""),"")} | DR8: 0 | DS8: 0 | DT8: 0 | DU8: 0 | DX8: {=IF($BJ8<>"",IFERROR(AVERAGE(_xlfn._xlws.FILTER($BE:$BE,($BA:$BA=$BI8)*($BC:$BC=_xlfn.NUMBERVALUE($BJ8)))),""),"")} -> 0 | DY8: {=IF($BK8<>"",IFERROR(AVERAGE(_xlfn._xlws.FILTER($BE:$BE,($BA:$BA=$BI8)*($BC:$BC=_xlfn.NUMBERVALUE($BK8)))),""),"")} -> 0 | DZ8: {=IF($BL8<>"",IFERROR(AVERAGE(_xlfn._xlws.FILTER($BE:$BE,($BA:$BA=$BI8)*($BC:$BC=_xlfn.NUMBERVALUE($BL8)))),""),"")} -> 0 | EA8: {=IF($BM8<>"",IFERROR(AVERAGE(_xlfn._xlws.FILTER($BE:$BE,($BA:$BA=$BI8)*($BC:$BC=_xlfn.NUMBERVALUE($BM8)))),""),"")} -> 0 | EB8: {=IF($BN8<>"",IFERROR(AVERAGE(_xlfn._xlws.FILTER($BE:$BE,($BA:$BA=$BI8)*($BC:$BC=_xlfn.NUMBERVALUE($BN8)))),""),"")} | EC8: {=IF($BO8<>"",IFERROR(AVERAGE(_xlfn._xlws.FILTER($BE:$BE,($BA:$BA=$BI8)*($BC:$BC=_xlfn.NUMBERVALUE($BO8)))),""),"")}
A9: Old A | AW9: 1.1 | AX9: 1.1 | AY9: R080_HI782-0_0.0_LOT0366_PWW49.1_QC.xlsx | AZ9: LOT0366 | BA9: 1 | BB9: P/Final | BC9: 15 | BD9: 15.7 | BE9: 0 | BF9: 0 | BG9: 45299 | BH9: LOT0512 | BI9: 8 | BJ9: 0 | BK9: 15 | BL9: 35 | BM9: 60 | BP9: 0.1 | BQ9: 16.36 | BR9: 38 | BS9: 63.14 | BV9: 0 | BW9: 0 | BX9: 0 | BY9: 0 | BZ9: 1 | CA9: 1 | CB9: 1 | CC9: 7.8975 | CD9: 1.3675 | CE9: 1.3675 | CF9: 1.3675 | CG9: 1.3675 | CH9: 1.3675 | CI9: 1.3675 | CJ9: 10.325 | CK9: 1.8575 | CL9: 1.8575 | CM9: 1.8575 | CN9: 1.8575 | CO9: 1.8575 | CP9: 1.8575 | CQ9: 12.0175 | CR9: 2.47 | CS9: 2.47 | CT9: 2.47 | CU9: 2.47 | CV9: 2.47 | CW9: 2.47 | CX9: -67.41 | CY9: 0 | CZ9: 0 | DA9: 0 | DB9: 0 | DC9: 0 | DD9: 0 | DE9: 0 | DF9: 0 | DG9: 0 | DH9: 0 | DI9: 0 | DJ9: 0 | DK9: 0 | DL9: {=IF($BJ9<>"",IFERROR(AVERAGE(_xlfn._xlws.FILTER($BD:$BD,($BA:$BA=$BI9)*($BC:$BC=_xlfn.NUMBERVALUE($BJ9)))),""),"")} -> 0.1 | DM9: {=IF($BK9<>"",IFERROR(AVERAGE(_xlfn._xlws.FILTER($BD:$BD,($BA:$BA=$BI9)*($BC:$BC=_xlfn.NUMBERVALUE($BK9)))),""),"")} -> 16.36 | DN9: {=IF($BL9<>"",IFERROR(AVERAGE(_xlfn._xlws.FILTER($BD:$BD,($BA:$BA=$BI9)*($BC:$BC=_xlfn.NUMBERVALUE($BL9)))),""),"")} -> 38 | DO9: {=IF($BM9<>"",IFERROR(AVERAGE(_xlfn._xlws.FILTER($BD:$BD,($BA:$BA=$BI9)*($BC:$BC=_xlfn.NUMBERVALUE($BM9)))),""),"")} -> 63.14 | DP9: {=IF($BN9<>"",IFERROR(AVERAGE(_xlfn._xlws.FILTER($BD:$BD,($BA:$BA=$BI9)*($BC:$BC=_xlfn.NUMBERVALUE($BN9)))),""),"")} | DQ9: {=IF($BO9<>"",IFERROR(AVERAGE(_xlfn._xlws.FILTER($BD:$BD,($BA:$BA=$BI9)*($BC:$BC=_xlfn.NUMBERVALUE($BO9)))),""),"")} | DR9: 0 | DS9: 0 | DT9: 0 | DU9: 0 | DX9: {=IF($BJ9<>"",IFERROR(AVERAGE(_xlfn._xlws.FILTER($BE:$BE,($BA:$BA=$BI9)*($BC:$BC=_xlfn.NUMBERVALUE($BJ9)))),""),"")} -> 0 | DY9: {=IF($BK9<>"",IFERROR(AVERAGE(_xlfn._xlws.FILTER($BE:$BE,($BA:$BA=$BI9)*($BC:$BC=_xlfn.NUMBERVALUE($BK9)))),""),"")} -> 0 | DZ9: {=IF($BL9<>"",IFERROR(AVERAGE(_xlfn._xlws.FILTER($BE:$BE,($BA:$BA=$BI9)*($BC:$BC=_xlfn.NUMBERVALUE($BL9)))),""),"")} -> 0 | EA9: {=IF($BM9<>"",IFERROR(AVERAGE(_xlfn._xlws.FILTER($BE:$BE,($BA:$BA=$BI9)*($BC:$BC=_xlfn.NUMBERVALUE($BM9)))),""),"")} -> 0 | EB9: {=IF($BN9<>"",IFERROR(AVERAGE(_xlfn._xlws.FILTER($BE:$BE,($BA:$BA=$BI9)*($BC:$BC=_xlfn.NUMBERVALUE($BN9)))),""),"")} | EC9: {=IF($BO9<>"",IFERROR(AVERAGE(_xlfn._xlws.FILTER($BE:$BE,($BA:$BA=$BI9)*($BC:$BC=_xlfn.NUMBERVALUE($BO9)))),""),"")}
A10: Old B | K10: =CONCATENATE("Std 1 tests distribution( ",C2," )" ) -> Std 1 tests distribution( 0 ) | T10: =CONCATENATE("Std 2 tests distribution( ",C3," )") -> Std 2 tests distribution( 15 ) | AC10: =CONCATENATE("Std 3 tests distribution( ",C4," )" ) -> Std 3 tests distribution( 35 ) | AL10: =CONCATENATE("Std 4 tests distribution( ",C5," )" ) -> Std 4 tests distribution( 60 ) | AW10: 1.1 | AX10: 1.1 | AY10: R080_HI782-0_0.0_LOT0366_PWW49.1_QC.xlsx | AZ10: LOT0366 | BA10: 1 | BB10: P/Final | BC10: 15 | BD10: 17.2 | BE10: 0 | BF10: 0 | BG10: 45299 | BH10: LOT0548 | BI10: 9 | BJ10: 0 | BK10: 15 | BL10: 35 | BM10: 60 | BP10: 0 | BQ10: 16.452632 | BR10: 37.1 | BS10: 60.642105 | BV10: 0 | BW10: 0 | BX10: 0 | BY10: 0 | BZ10: 1 | CA10: 1 | CB10: 1 | CC10: 7.8975 | CD10: 1.3675 | CE10: 1.3675 | CF10: 1.3675 | CG10: 1.3675 | CH10: 1.3675 | CI10: 1.3675 | CJ10: 10.325 | CK10: 1.8575 | CL10: 1.8575 | CM10: 1.8575 | CN10: 1.8575 | CO10: 1.8575 | CP10: 1.8575 | CQ10: 12.0175 | CR10: 2.47 | CS10: 2.47 | CT10: 2.47 | CU10: 2.47 | CV10: 2.47 | CW10: 2.47 | CX10: -67.41 | CY10: 0 | CZ10: 0 | DA10: 0 | DB10: 0 | DC10: 0 | DD10: 0 | DE10: 0 | DF10: 0 | DG10: 0 | DH10: 0 | DI10: 0 | DJ10: 0 | DK10: 0 | DL10: {=IF($BJ10<>"",IFERROR(AVERAGE(_xlfn._xlws.FILTER($BD:$BD,($BA:$BA=$BI10)*($BC:$BC=_xlfn.NUMBERVALUE($BJ10)))),""),"")} -> 0 | DM10: {=IF($BK10<>"",IFERROR(AVERAGE(_xlfn._xlws.FILTER($BD:$BD,($BA:$BA=$BI10)*($BC:$BC=_xlfn.NUMBERVALUE($BK10)))),""),"")} -> 16.452632 | DN10: {=IF($BL10<>"",IFERROR(AVERAGE(_xlfn._xlws.FILTER($BD:$BD,($BA:$BA=$BI10)*($BC:$BC=_xlfn.NUMBERVALUE($BL10)))),""),"")} -> 37.1 | DO10: {=IF($BM10<>"",IFERROR(AVERAGE(_xlfn._xlws.FILTER($BD:$BD,($BA:$BA=$BI10)*($BC:$BC=_xlfn.NUMBERVALUE($BM10)))),""),"")} -> 60.642105 | DP10: {=IF($BN10<>"",IFERROR(AVERAGE(_xlfn._xlws.FILTER($BD:$BD,($BA:$BA=$BI10)*($BC:$BC=_xlfn.NUMBERVALUE($BN10)))),""),"")} | DQ10: {=IF($BO10<>"",IFERROR(AVERAGE(_xlfn._xlws.FILTER($BD:$BD,($BA:$BA=$BI10)*($BC:$BC=_xlfn.NUMBERVALUE($BO10)))),""),"")} | DR10: 0 | DS10: 0 | DT10: 0 | DU10: 0 | DX10: {=IF($BJ10<>"",IFERROR(AVERAGE(_xlfn._xlws.FILTER($BE:$BE,($BA:$BA=$BI10)*($BC:$BC=_xlfn.NUMBERVALUE($BJ10)))),""),"")} -> 0 | DY10: {=IF($BK10<>"",IFERROR(AVERAGE(_xlfn._xlws.FILTER($BE:$BE,($BA:$BA=$BI10)*($BC:$BC=_xlfn.NUMBERVALUE($BK10)))),""),"")} -> 0 | DZ10: {=IF($BL10<>"",IFERROR(AVERAGE(_xlfn._xlws.FILTER($BE:$BE,($BA:$BA=$BI10)*($BC:$BC=_xlfn.NUMBERVALUE($BL10)))),""),"")} -> 0 | EA10: {=IF($BM10<>"",IFERROR(AVERAGE(_xlfn._xlws.FILTER($BE:$BE,($BA:$BA=$BI10)*($BC:$BC=_xlfn.NUMBERVALUE($BM10)))),""),"")} -> 0 | EB10: {=IF($BN10<>"",IFERROR(AVERAGE(_xlfn._xlws.FILTER($BE:$BE,($BA:$BA=$BI10)*($BC:$BC=_xlfn.NUMBERVALUE($BN10)))),""),"")} | EC10: {=IF($BO10<>"",IFERROR(AVERAGE(_xlfn._xlws.FILTER($BE:$BE,($BA:$BA=$BI10)*($BC:$BC=_xlfn.NUMBERVALUE($BO10)))),""),"")}
A11: Old C | F11: Nr. | G11: Lot | H11: QC Date | I11: QC Week | J11: Grand total tests | K11: Total tests | L11: <1 σ | M11: <1 σ [%] | N11: 1 σ to 2 σ | O11: 1 σ to 2 σ [%] | P11: 2 σ to 3 σ | Q11: 2 σ to 3 σ [%] | R11: >3 σ | S11: >3 σ [%] | T11: Total tests | U11: <1 σ | V11: <1 σ [%] | W11: 1 σ to 2 σ | X11: 1 σ to 2 σ [%] | Y11: 2 σ to 3 σ | Z11: 2 σ to 3 σ [%] | AA11: >3 σ | AB11: >3 σ [%] | AC11: Total tests | AD11: <1 σ | AE11: <1 σ [%] | AF11: 1 σ to 2 σ | AG11: 1 σ to 2 σ [%] | AH11: 2 σ to 3 σ | AI11: 2 σ to 3 σ [%] | AJ11: >3 σ | AK11: >3 σ [%] | AL11: Total tests | AM11: <1 σ | AN11: <1 σ [%] | AO11: 1 σ to 2 σ | AP11: 1 σ to 2 σ [%] | AQ11: 2 σ to 3 σ | AR11: 2 σ to 3 σ [%] | AS11: >3 σ | AT11: >3 σ [%] | AW11: 1.1 | AX11: 1.1 | AY11: R080_HI782-0_0.0_LOT0366_PWW49.1_QC.xlsx | AZ11: LOT0366 | BA11: 1 | BB11: P/Final | BC11: 35 | BD11: 37.9 | BE11: 0 | BF11: 0 | BG11: 45299 | BH11: LOT0550 | BI11: 10 | BJ11: 0 | BK11: 15 | BL11: 35 | BM11: 60 | BP11: 0 | BQ11: 16.394444 | BR11: 35.916667 | BS11: 60.9 | BV11: 0 | BW11: 0 | BX11: 0 | BY11: 0 | BZ11: 1 | CA11: 1 | CB11: 1 | CC11: 7.8975 | CD11: 1.3675 | CE11: 1.3675 | CF11: 1.3675 | CG11: 1.3675 | CH11: 1.3675 | CI11: 1.3675 | CJ11: 10.325 | CK11: 1.8575 | CL11: 1.8575 | CM11: 1.8575 | CN11: 1.8575 | CO11: 1.8575 | CP11: 1.8575 | CQ11: 12.0175 | CR11: 2.47 | CS11: 2.47 | CT11: 2.47 | CU11: 2.47 | CV11: 2.47 | CW11: 2.47 | CX11: -67.41 | CY11: 0 | CZ11: 0 | DA11: 0 | DB11: 0 | DC11: 0 | DD11: 0 | DE11: 0 | DF11: 0 | DG11: 0 | DH11: 0 | DI11: 0 | DJ11: 0 | DK11: 0 | DL11: {=IF($BJ11<>"",IFERROR(AVERAGE(_xlfn._xlws.FILTER($BD:$BD,($BA:$BA=$BI11)*($BC:$BC=_xlfn.NUMBERVALUE($BJ11)))),""),"")} -> 0 | DM11: {=IF($BK11<>"",IFERROR(AVERAGE(_xlfn._xlws.FILTER($BD:$BD,($BA:$BA=$BI11)*($BC:$BC=_xlfn.NUMBERVALUE($BK11)))),""),"")} -> 16.394444 | DN11: {=IF($BL11<>"",IFERROR(AVERAGE(_xlfn._xlws.FILTER($BD:$BD,($BA:$BA=$BI11)*($BC:$BC=_xlfn.NUMBERVALUE($BL11)))),""),"")} -> 35.916667 | DO11: {=IF($BM11<>"",IFERROR(AVERAGE(_xlfn._xlws.FILTER($BD:$BD,($BA:$BA=$BI11)*($BC:$BC=_xlfn.NUMBERVALUE($BM11)))),""),"")} -> 60.9 | DP11: {=IF($BN11<>"",IFERROR(AVERAGE(_xlfn._xlws.FILTER($BD:$BD,($BA:$BA=$BI11)*($BC:$BC=_xlfn.NUMBERVALUE($BN11)))),""),"")} | DQ11: {=IF($BO11<>"",IFERROR(AVERAGE(_xlfn._xlws.FILTER($BD:$BD,($BA:$BA=$BI11)*($BC:$BC=_xlfn.NUMBERVALUE($BO11)))),""),"")} | DR11: 0 | DS11: 0 | DT11: 0 | DU11: 0 | DX11: {=IF($BJ11<>"",IFERROR(AVERAGE(_xlfn._xlws.FILTER($BE:$BE,($BA:$BA=$BI11)*($BC:$BC=_xlfn.NUMBERVALUE($BJ11)))),""),"")} -> 0 | DY11: {=IF($BK11<>"",IFERROR(AVERAGE(_xlfn._xlws.FILTER($BE:$BE,($BA:$BA=$BI11)*($BC:$BC=_xlfn.NUMBERVALUE($BK11)))),""),"")} -> 0 | DZ11: {=IF($BL11<>"",IFERROR(AVERAGE(_xlfn._xlws.FILTER($BE:$BE,($BA:$BA=$BI11)*($BC:$BC=_xlfn.NUMBERVALUE($BL11)))),""),"")} -> 0 | EA11: {=IF($BM11<>"",IFERROR(AVERAGE(_xlfn._xlws.FILTER($BE:$BE,($BA:$BA=$BI11)*($BC:$BC=_xlfn.NUMBERVALUE($BM11)))),""),"")} -> 0 | EB11: {=IF($BN11<>"",IFERROR(AVERAGE(_xlfn._xlws.FILTER($BE:$BE,($BA:$BA=$BI11)*($BC:$BC=_xlfn.NUMBERVALUE($BN11)))),""),"")} | EC11: {=IF($BO11<>"",IFERROR(AVERAGE(_xlfn._xlws.FILTER($BE:$BE,($BA:$BA=$BI11)*($BC:$BC=_xlfn.NUMBERVALUE($BO11)))),""),"")}
A12: Old D | F12: {=IF(_xlfn.ANCHORARRAY(BH2)<>"",_xlfn.NUMBERVALUE(ROW(_xlfn.ANCHORARRAY(BH2))-1),"")} -> 1 | G12: {=_xlfn.UNIQUE(_xlfn.ANCHORARRAY(AZ2),FALSE,FALSE)} -> LOT0366 | H12: {=_xlfn.XLOOKUP(_xlfn.ANCHORARRAY(F12),BA:BA,BG:BG)} -> 45299 | I12: {=WEEKNUM(_xlfn.NUMBERVALUE(_xlfn.ANCHORARRAY(H12)),15)} -> 2 | J12: {=_xlfn.CHOOSEROWS(_xlfn.VSTACK(COUNT(_xlfn._xlws.FILTER(BA:BA,BA:BA=F12)),COUNT(_xlfn._xlws.FILTER(BA:BA,BA:BA=F13)),COUNT(_xlfn._xlws.FILTER(BA:BA,BA:BA=F14)),COUNT(_xlfn._xlws.FILTER(BA:BA,BA:BA=F15)),COUNT(_xlfn._xlws.FILTER(BA:BA,BA:BA=F16)),COUNT(_xlfn._xlws.FILTER(BA:BA,BA:BA=F17)),COUNT(_xlfn._xlws.FILTER(BA:BA,BA:BA=F18)),COUNT(_xlfn._xlws.FILTER(BA:BA,BA:BA=F19)),COUNT(_xlfn._xlws.FILTER(BA:BA,BA:BA=F20)),COUNT(_xlfn._xlws.FILTER(BA:BA,BA:BA=F21)),COUNT(_xlfn._xlws.FILTER(BA:BA,BA:BA=F22)),COUNT(_xlfn._xlws.FILTER(BA:BA,BA:BA=F23)),COUNT(_xlfn._xlws.FILTER(BA:BA,BA:BA=F24)),COUNT(_xlfn._xlws.FILTER(BA:BA,BA:BA=F25)),COUNT(_xlfn._xlws.FILTER(BA:BA,BA:BA=F26)),COUNT(_xlfn._xlws.FILTER(BA:BA,BA:BA=F27)),COUNT(_xlfn._xlws.FILTER(BA:BA,BA:BA=F28)),COUNT(_xlfn._xlws.FILTER(BA:BA,BA:BA=F29)),COUNT(_xlfn._xlws.FILTER(BA:BA,BA:BA=F30)),COUNT(_xlfn._xlws.FILTER(BA:BA,BA:BA=F31)),COUNT(_xlfn._xlws.FILTER(BA:BA,BA:BA=F32)),COUNT(_xlfn._xlws.FILTER(BA:BA,BA:BA=F33)),COUNT(_xlfn._xlws.FILTER(BA:BA,BA:BA=F34)),COUNT(_xlfn._xlws.FILTER(BA:BA,BA:BA=F35)),COUNT(_xlfn._xlws.FILTER(BA:BA,BA:BA=F36)),COUNT(_xlfn._xlws.FILTER(BA:BA,BA:BA=F37)),COUNT(_xlfn._xlws.FILTER(BA:BA,BA:BA=F38)),COUNT(_xlfn._xlws.FILTER(BA:BA,BA:BA=F39)),COUNT(_xlfn._xlws.FILTER(BA:BA,BA:BA=F40)),COUNT(_xlfn._xlws.FILTER(BA:BA,BA:BA=F41)),COUNT(_xlfn._xlws.FILTER(BA:BA,BA:BA=F42)),COUNT(_xlfn._xlws.FILTER(BA:BA,BA:BA=F43)),COUNT(_xlfn._xlws.FILTER(BA:BA,BA:BA=F44)),COUNT(_xlfn._xlws.FILTER(BA:BA,BA:BA=F45)),COUNT(_xlfn._xlws.FILTER(BA:BA,BA:BA=F46)),COUNT(_xlfn._xlws.FILTER(BA:BA,BA:BA=F47)),COUNT(_xlfn._xlws.FILTER(BA:BA,BA:BA=F48)),COUNT(_xlfn._xlws.FILTER(BA:BA,BA:BA=F49)),COUNT(_xlfn._xlws.FILTER(BA:BA,BA:BA=F50)),COUNT(_xlfn._xlws.FILTER(BA:BA,BA:BA=F51)),COUNT(_xlfn._xlws.FILTER(BA:BA,BA:BA=F52)),COUNT(_xlfn._xlws.FILTER(BA:BA,BA:BA=F53)),COUNT(_xlfn._xlws.FILTER(BA:BA,BA:BA=F54)),COUNT(_xlfn._xlws.FILTER(BA:BA,BA:BA=F55)),COUNT(_xlfn._xlws.FILTER(BA:BA,BA:BA=F56)),COUNT(_xlfn._xlws.FILTER(BA:BA,BA:BA=F57)),COUNT(_xlfn._xlws.FILTER(BA:BA,BA:BA=F58)),COUNT(_xlfn._xlws.FILTER(BA:BA,BA:BA=F59)),COUNT(_xlfn._xlws.FILTER(BA:BA,BA:BA=F60)),COUNT(_xlfn._xlws.FILTER(BA:BA,BA:BA=F61)),COUNT(_xlfn._xlws.FILTER(BA:BA,BA:BA=F62)),COUNT(_xlfn._xlws.FILTER(BA:BA,BA:BA=F63)),COUNT(_xlfn._xlws.FILTER(BA:BA,BA:BA=F64)),COUNT(_xlfn._xlws.FILTER(BA:BA,BA:BA=F65)),COUNT(_xlfn._xlws.FILTER(BA:BA,BA:BA=F66)),COUNT(_xlfn._xlws.FILTER(BA:BA,BA:BA=F67)),COUNT(_xlfn._xlws.FILTER(BA:BA,BA:BA=F68)),COUNT(_xlfn._xlws.FILTER(BA:BA,BA:BA=F69)),COUNT(_xlfn._xlws.FILTER(BA:BA,BA:BA=F70))),_xlfn.ANCHORARRAY(F12))} -> 19 | K12: {=_xlfn.CHOOSEROWS(_xlfn.VSTACK(COUNT(_xlfn._xlws.FILTER(BA:BA,(BA:BA=F12)*(BC:BC=_xlfn.NUMBERVALUE($C$2)))),COUNT(_xlfn._xlws.FILTER(BA:BA,(BA:BA=F13)*(BC:BC=_xlfn.NUMBERVALUE($C$2)))),COUNT(_xlfn._xlws.FILTER(BA:BA,(BA:BA=F14)*(BC:BC=_xlfn.NUMBERVALUE($C$2)))),COUNT(_xlfn._xlws.FILTER(BA:BA,(BA:BA=F15)*(BC:BC=_xlfn.NUMBERVALUE($C$2)))),COUNT(_xlfn._xlws.FILTER(BA:BA,(BA:BA=F16)*(BC:BC=_xlfn.NUMBERVALUE($C$2)))),COUNT(_xlfn._xlws.FILTER(BA:BA,(BA:BA=F17)*(BC:BC=_xlfn.NUMBERVALUE($C$2)))),COUNT(_xlfn._xlws.FILTER(BA:BA,(BA:BA=F18)*(BC:BC=_xlfn.NUMBERVALUE($C$2)))),COUNT(_xlfn._xlws.FILTER(BA:BA,(BA:BA=F19)*(BC:BC=_xlfn.NUMBERVALUE($C$2)))),COUNT(_xlfn._xlws.FILTER(BA:BA,(BA:BA=F20)*(BC:BC=_xlfn.NUMBERVALUE($C$2)))),COUNT(_xlfn._xlws.FILTER(BA:BA,(BA:BA=F21)*(BC:BC=_xlfn.NUMBERVALUE($C$2)))),COUNT(_xlfn._xlws.FILTER(BA:BA,(BA:BA=F22)*(BC:BC=_xlfn.NUMBERVALUE($C$2)))),COUNT(_xlfn._xlws.FILTER(BA:BA,(BA:BA=F23)*(BC:BC=_xlfn.NUMBERVALUE($C$2)))),COUNT(_xlfn._xlws.FILTER(BA:BA,(BA:BA=F24)*(BC:BC=_xlfn.NUMBERVALUE($C$2)))),COUNT(_xlfn._xlws.FILTER(BA:BA,(BA:BA=F25)*(BC:BC=_xlfn.NUMBERVALUE($C$2)))),COUNT(_xlfn._xlws.FILTER(BA:BA,(BA:BA=F26)*(BC:BC=_xlfn.NUMBERVALUE($C$2)))),COUNT(_xlfn._xlws.FILTER(BA:BA,(BA:BA=F27)*(BC:BC=_xlfn.NUMBERVALUE($C$2)))),COUNT(_xlfn._xlws.FILTER(BA:BA,(BA:BA=F28)*(BC:BC=_xlfn.NUMBERVALUE($C$2)))),COUNT(_xlfn._xlws.FILTER(BA:BA,(BA:BA=F29)*(BC:BC=_xlfn.NUMBERVALUE($C$2)))),COUNT(_xlfn._xlws.FILTER(BA:BA,(BA:BA=F30)*(BC:BC=_xlfn.NUMBERVALUE($C$2)))),COUNT(_xlfn._xlws.FILTER(BA:BA,(BA:BA=F31)*(BC:BC=_xlfn.NUMBERVALUE($C$2)))),COUNT(_xlfn._xlws.FILTER(BA:BA,(BA:BA=F32)*(BC:BC=_xlfn.NUMBERVALUE($C$2)))),COUNT(_xlfn._xlws.FILTER(BA:BA,(BA:BA=F33)*(BC:BC=_xlfn.NUMBERVALUE($C$2)))),COUNT(_xlfn._xlws.FILTER(BA:BA,(BA:BA=F34)*(BC:BC=_xlfn.NUMBERVALUE($C$2)))),COUNT(_xlfn._xlws.FILTER(BA:BA,(BA:BA=F35)*(BC:BC=_xlfn.NUMBERVALUE($C$2)))),COUNT(_xlfn._xlws.FILTER(BA:BA,(BA:BA=F36)*(BC:BC=_xlfn.NUMBERVALUE($C$2)))),COUNT(_xlfn._xlws.FILTER(BA:BA,(BA:BA=F37)*(BC:BC=_xlfn.NUMBERVALUE($C$2)))),COUNT(_xlfn._xlws.FILTER(BA:BA,(BA:BA=F38)*(BC:BC=_xlfn.NUMBERVALUE($C$2)))),COUNT(_xlfn._xlws.FILTER(BA:BA,(BA:BA=F39)*(BC:BC=_xlfn.NUMBERVALUE($C$2)))),COUNT(_xlfn._xlws.FILTER(BA:BA,(BA:BA=F40)*(BC:BC=_xlfn.NUMBERVALUE($C$2)))),COUNT(_xlfn._xlws.FILTER(BA:BA,(BA:BA=F41)*(BC:BC=_xlfn.NUMBERVALUE($C$2)))),COUNT(_xlfn._xlws.FILTER(BA:BA,(BA:BA=F42)*(BC:BC=_xlfn.NUMBERVALUE($C$2)))),COUNT(_xlfn._xlws.FILTER(BA:BA,(BA:BA=F43)*(BC:BC=_xlfn.NUMBERVALUE($C$2)))),COUNT(_xlfn._xlws.FILTER(BA:BA,(BA:BA=F44)*(BC:BC=_xlfn.NUMBERVALUE($C$2)))),COUNT(_xlfn._xlws.FILTER(BA:BA,(BA:BA=F45)*(BC:BC=_xlfn.NUMBERVALUE($C$2)))),COUNT(_xlfn._xlws.FILTER(BA:BA,(BA:BA=F46)*(BC:BC=_xlfn.NUMBERVALUE($C$2)))),COUNT(_xlfn._xlws.FILTER(BA:BA,(BA:BA=F47)*(BC:BC=_xlfn.NUMBERVALUE($C$2)))),COUNT(_xlfn._xlws.FILTER(BA:BA,(BA:BA=F48)*(BC:BC=_xlfn.NUMBERVALUE($C$2)))),COUNT(_xlfn._xlws.FILTER(BA:BA,(BA:BA=F49)*(BC:BC=_xlfn.NUMBERVALUE($C$2)))),COUNT(_xlfn._xlws.FILTER(BA:BA,(BA:BA=F50)*(BC:BC=_xlfn.NUMBERVALUE($C$2)))),COUNT(_xlfn._xlws.FILTER(BA:BA,(BA:BA=F51)*(BC:BC=_xlfn.NUMBERVALUE($C$2)))),COUNT(_xlfn._xlws.FILTER(BA:BA,(BA:BA=F52)*(BC:BC=_xlfn.NUMBERVALUE($C$2)))),COUNT(_xlfn._xlws.FILTER(BA:BA,(BA:BA=F53)*(BC:BC=_xlfn.NUMBERVALUE($C$2)))),COUNT(_xlfn._xlws.FILTER(BA:BA,(BA:BA=F54)*(BC:BC=_xlfn.NUMBERVALUE($C$2)))),COUNT(_xlfn._xlws.FILTER(BA:BA,(BA:BA=F55)*(BC:BC=_xlfn.NUMBERVALUE($C$2)))),COUNT(_xlfn._xlws.FILTER(BA:BA,(BA:BA=F56)*(BC:BC=_xlfn.NUMBERVALUE($C$2)))),COUNT(_xlfn._xlws.FILTER(BA:BA,(BA:BA=F57)*(BC:BC=_xlfn.NUMBERVALUE($C$2)))),COUNT(_xlfn._xlws.FILTER(BA:BA,(BA:BA=F58)*(BC:BC=_xlfn.NUMBERVALUE($C$2)))),COUNT(_xlfn._xlws.FILTER(BA:BA,(BA:BA=F59)*(BC:BC=_xlfn.NUMBERVALUE($C$2)))),COUNT(_xlfn._xlws.FILTER(BA:BA,(BA:BA=F60)*(BC:BC=_xlfn.NUMBERVALUE($C$2)))),COUNT(_xlfn._xlws.FILTER(BA:BA,(BA:BA=F61)*(BC:BC=_xlfn.NUMBERVALUE($C$2)))),COUNT(_xlfn._xlws.FILTER(BA:BA,(BA:BA=F62)*(BC:BC=_xlfn.NUMBERVALUE($C$2)))),COUNT(_xlfn._xlws.FILTER(BA:BA,(BA:BA=F63)*(BC:BC=_xlfn.NUMBERVALUE($C$2)))),COUNT(_xlfn._xlws.FILTER(BA:BA,(BA:BA=F64)*(BC:BC=_xlfn.NUMBERVALUE($C$2)))),COUNT(_xlfn._xlws.FILTER(BA:BA,(BA:BA=F65)*(BC:BC=_xlfn.NUMBERVALUE($C$2)))),COUNT(_xlfn._xlws.FILTER(BA:BA,(BA:BA=F66)*(BC:BC=_xlfn.NUMBERVALUE($C$2)))),COUNT(_xlfn._xlws.FILTER(BA:BA,(BA:BA=F67)*(BC:BC=_xlfn.NUMBERVALUE($C$2)))),COUNT(_xlfn._xlws.FILTER(BA:BA,(BA:BA=F68)*(BC:BC=_xlfn.NUMBERVALUE($C$2)))),COUNT(_xlfn._xlws.FILTER(BA:BA,(BA:BA=F69)*(BC:BC=_xlfn.NUMBERVALUE($C$2)))),COUNT(_xlfn._xlws.FILTER(BA:BA,(BA:BA=F70)*(BC:BC=_xlfn.NUMBERVALUE($C$2))))),_xlfn.ANCHORARRAY(F12))} -> 4 | L12: {=COUNT(_xlfn._xlws.FILTER(BA:BA,(BA:BA=_xlfn.NUMBERVALUE(F12))*(BC:BC=_xlfn.NUMBERVALUE($C$2))*((BD:BD<$C$2+$D$2)*(BD:BD>$C$2-$D$2))))} -> 4 | M12: =IFERROR(L12/K12*100,"") -> 100 | N12: {=COUNT(_xlfn._xlws.FILTER(BA:BA,(BA:BA=_xlfn.NUMBERVALUE(F12))*(BC:BC=_xlfn.NUMBERVALUE($C$2))*((BD:BD>$C$2+$D$2)*(BD:BD<$C$2+2*$D$2)+(BD:BD<$C$2-$D$2)*(BD:BD>$C$2-2*$D$2))))} -> 0 | O12: =IFERROR(N12/K12*100,"") -> 0 | P12: {=COUNT(_xlfn._xlws.FILTER(BA:BA,(BA:BA=_xlfn.NUMBERVALUE(F12))*(BC:BC=_xlfn.NUMBERVALUE($C$2))*((BD:BD>$C$2+2*$D$2)*(BD:BD<$C$2+3*$D$2)+(BD:BD<$C$2-2*$D$2)*(BD:BD>$C$2-3*$D$2))))} -> 0 | Q12: =IFERROR(P12/K12*100,"") -> 0 | R12: {=COUNT(_xlfn._xlws.FILTER(BA:BA,(BA:BA=_xlfn.NUMBERVALUE(F12))*(BC:BC=_xlfn.NUMBERVALUE($C$2))*((BD:BD>$C$2+3*$D$2)+(BD:BD<$C$2-3*$D$2))))} -> 0 | S12: =IFERROR(R12/K12*100,"") -> 0 | T12: {=_xlfn.CHOOSEROWS(_xlfn.VSTACK(COUNT(_xlfn._xlws.FILTER(BA:BA,(BA:BA=F12)*(BC:BC=_xlfn.NUMBERVALUE($C$3)))),COUNT(_xlfn._xlws.FILTER(BA:BA,(BA:BA=F13)*(BC:BC=_xlfn.NUMBERVALUE($C$3)))),COUNT(_xlfn._xlws.FILTER(BA:BA,(BA:BA=F14)*(BC:BC=_xlfn.NUMBERVALUE($C$3)))),COUNT(_xlfn._xlws.FILTER(BA:BA,(BA:BA=F15)*(BC:BC=_xlfn.NUMBERVALUE($C$3)))),COUNT(_xlfn._xlws.FILTER(BA:BA,(BA:BA=F16)*(BC:BC=_xlfn.NUMBERVALUE($C$3)))),COUNT(_xlfn._xlws.FILTER(BA:BA,(BA:BA=F17)*(BC:BC=_xlfn.NUMBERVALUE($C$3)))),COUNT(_xlfn._xlws.FILTER(BA:BA,(BA:BA=F18)*(BC:BC=_xlfn.NUMBERVALUE($C$3)))),COUNT(_xlfn._xlws.FILTER(BA:BA,(BA:BA=F19)*(BC:BC=_xlfn.NUMBERVALUE($C$3)))),COUNT(_xlfn._xlws.FILTER(BA:BA,(BA:BA=F20)*(BC:BC=_xlfn.NUMBERVALUE($C$3)))),COUNT(_xlfn._xlws.FILTER(BA:BA,(BA:BA=F21)*(BC:BC=_xlfn.NUMBERVALUE($C$3)))),COUNT(_xlfn._xlws.FILTER(BA:BA,(BA:BA=F22)*(BC:BC=_xlfn.NUMBERVALUE($C$3)))),COUNT(_xlfn._xlws.FILTER(BA:BA,(BA:BA=F23)*(BC:BC=_xlfn.NUMBERVALUE($C$3)))),COUNT(_xlfn._xlws.FILTER(BA:BA,(BA:BA=F24)*(BC:BC=_xlfn.NUMBERVALUE($C$3)))),COUNT(_xlfn._xlws.FILTER(BA:BA,(BA:BA=F25)*(BC:BC=_xlfn.NUMBERVALUE($C$3)))),COUNT(_xlfn._xlws.FILTER(BA:BA,(BA:BA=F26)*(BC:BC=_xlfn.NUMBERVALUE($C$3)))),COUNT(_xlfn._xlws.FILTER(BA:BA,(BA:BA=F27)*(BC:BC=_xlfn.NUMBERVALUE($C$3)))),COUNT(_xlfn._xlws.FILTER(BA:BA,(BA:BA=F28)*(BC:BC=_xlfn.NUMBERVALUE($C$3)))),COUNT(_xlfn._xlws.FILTER(BA:BA,(BA:BA=F29)*(BC:BC=_xlfn.NUMBERVALUE($C$3)))),COUNT(_xlfn._xlws.FILTER(BA:BA,(BA:BA=F30)*(BC:BC=_xlfn.NUMBERVALUE($C$3)))),COUNT(_xlfn._xlws.FILTER(BA:BA,(BA:BA=F31)*(BC:BC=_xlfn.NUMBERVALUE($C$3)))),COUNT(_xlfn._xlws.FILTER(BA:BA,(BA:BA=F32)*(BC:BC=_xlfn.NUMBERVALUE($C$3)))),COUNT(_xlfn._xlws.FILTER(BA:BA,(BA:BA=F33)*(BC:BC=_xlfn.NUMBERVALUE($C$3)))),COUNT(_xlfn._xlws.FILTER(BA:BA,(BA:BA=F34)*(BC:BC=_xlfn.NUMBERVALUE($C$3)))),COUNT(_xlfn._xlws.FILTER(BA:BA,(BA:BA=F35)*(BC:BC=_xlfn.NUMBERVALUE($C$3)))),COUNT(_xlfn._xlws.FILTER(BA:BA,(BA:BA=F36)*(BC:BC=_xlfn.NUMBERVALUE($C$3)))),COUNT(_xlfn._xlws.FILTER(BA:BA,(BA:BA=F37)*(BC:BC=_xlfn.NUMBERVALUE($C$3)))),COUNT(_xlfn._xlws.FILTER(BA:BA,(BA:BA=F38)*(BC:BC=_xlfn.NUMBERVALUE($C$3)))),COUNT(_xlfn._xlws.FILTER(BA:BA,(BA:BA=F39)*(BC:BC=_xlfn.NUMBERVALUE($C$3)))),COUNT(_xlfn._xlws.FILTER(BA:BA,(BA:BA=F40)*(BC:BC=_xlfn.NUMBERVALUE($C$3)))),COUNT(_xlfn._xlws.FILTER(BA:BA,(BA:BA=F41)*(BC:BC=_xlfn.NUMBERVALUE($C$3)))),COUNT(_xlfn._xlws.FILTER(BA:BA,(BA:BA=F42)*(BC:BC=_xlfn.NUMBERVALUE($C$3)))),COUNT(_xlfn._xlws.FILTER(BA:BA,(BA:BA=F43)*(BC:BC=_xlfn.NUMBERVALUE($C$3)))),COUNT(_xlfn._xlws.FILTER(BA:BA,(BA:BA=F44)*(BC:BC=_xlfn.NUMBERVALUE($C$3)))),COUNT(_xlfn._xlws.FILTER(BA:BA,(BA:BA=F45)*(BC:BC=_xlfn.NUMBERVALUE($C$3)))),COUNT(_xlfn._xlws.FILTER(BA:BA,(BA:BA=F46)*(BC:BC=_xlfn.NUMBERVALUE($C$3)))),COUNT(_xlfn._xlws.FILTER(BA:BA,(BA:BA=F47)*(BC:BC=_xlfn.NUMBERVALUE($C$3)))),COUNT(_xlfn._xlws.FILTER(BA:BA,(BA:BA=F48)*(BC:BC=_xlfn.NUMBERVALUE($C$3)))),COUNT(_xlfn._xlws.FILTER(BA:BA,(BA:BA=F49)*(BC:BC=_xlfn.NUMBERVALUE($C$3)))),COUNT(_xlfn._xlws.FILTER(BA:BA,(BA:BA=F50)*(BC:BC=_xlfn.NUMBERVALUE($C$3)))),COUNT(_xlfn._xlws.FILTER(BA:BA,(BA:BA=F51)*(BC:BC=_xlfn.NUMBERVALUE($C$3)))),COUNT(_xlfn._xlws.FILTER(BA:BA,(BA:BA=F52)*(BC:BC=_xlfn.NUMBERVALUE($C$3)))),COUNT(_xlfn._xlws.FILTER(BA:BA,(BA:BA=F53)*(BC:BC=_xlfn.NUMBERVALUE($C$3)))),COUNT(_xlfn._xlws.FILTER(BA:BA,(BA:BA=F54)*(BC:BC=_xlfn.NUMBERVALUE($C$3)))),COUNT(_xlfn._xlws.FILTER(BA:BA,(BA:BA=F55)*(BC:BC=_xlfn.NUMBERVALUE($C$3)))),COUNT(_xlfn._xlws.FILTER(BA:BA,(BA:BA=F56)*(BC:BC=_xlfn.NUMBERVALUE($C$3)))),COUNT(_xlfn._xlws.FILTER(BA:BA,(BA:BA=F57)*(BC:BC=_xlfn.NUMBERVALUE($C$3)))),COUNT(_xlfn._xlws.FILTER(BA:BA,(BA:BA=F58)*(BC:BC=_xlfn.NUMBERVALUE($C$3)))),COUNT(_xlfn._xlws.FILTER(BA:BA,(BA:BA=F59)*(BC:BC=_xlfn.NUMBERVALUE($C$3)))),COUNT(_xlfn._xlws.FILTER(BA:BA,(BA:BA=F60)*(BC:BC=_xlfn.NUMBERVALUE($C$3)))),COUNT(_xlfn._xlws.FILTER(BA:BA,(BA:BA=F61)*(BC:BC=_xlfn.NUMBERVALUE($C$3)))),COUNT(_xlfn._xlws.FILTER(BA:BA,(BA:BA=F62)*(BC:BC=_xlfn.NUMBERVALUE($C$3)))),COUNT(_xlfn._xlws.FILTER(BA:BA,(BA:BA=F63)*(BC:BC=_xlfn.NUMBERVALUE($C$3)))),COUNT(_xlfn._xlws.FILTER(BA:BA,(BA:BA=F64)*(BC:BC=_xlfn.NUMBERVALUE($C$3)))),COUNT(_xlfn._xlws.FILTER(BA:BA,(BA:BA=F65)*(BC:BC=_xlfn.NUMBERVALUE($C$3)))),COUNT(_xlfn._xlws.FILTER(BA:BA,(BA:BA=F66)*(BC:BC=_xlfn.NUMBERVALUE($C$3)))),COUNT(_xlfn._xlws.FILTER(BA:BA,(BA:BA=F67)*(BC:BC=_xlfn.NUMBERVALUE($C$3)))),COUNT(_xlfn._xlws.FILTER(BA:BA,(BA:BA=F68)*(BC:BC=_xlfn.NUMBERVALUE($C$3)))),COUNT(_xlfn._xlws.FILTER(BA:BA,(BA:BA=F69)*(BC:BC=_xlfn.NUMBERVALUE($C$3)))),COUNT(_xlfn._xlws.FILTER(BA:BA,(BA:BA=F70)*(BC:BC=_xlfn.NUMBERVALUE($C$3))))),_xlfn.ANCHORARRAY(F12))} -> 5 | U12: {=COUNT(_xlfn._xlws.FILTER(BA:BA,(BA:BA=F12)*(BC:BC=_xlfn.NUMBERVALUE($C$3))*((BD:BD<=$C$3+$D$3)*(BD:BD>$C$3-$D$3))))} -> 1 | V12: =IFERROR(U12/T12*100,"") -> 20 | W12: {=COUNT(_xlfn._xlws.FILTER(BA:BA,(BA:BA=F12)*(BC:BC=_xlfn.NUMBERVALUE($C$3))*((BD:BD>$C$3+$D$3)*(BD:BD<$C$3+2*$D$3)+(BD:BD<$C$3-$D$3)*(BD:BD>$C$3-2*$D$3))))} -> 4 | X12: =IFERROR(W12/T12*100,"") -> 80 | Y12: {=COUNT(_xlfn._xlws.FILTER(BA:BA,(BA:BA=F12)*(BC:BC=_xlfn.NUMBERVALUE($C$3))*((BD:BD>$C$3+2*$D$3)*(BD:BD<$C$3+3*$D$3)+(BD:BD<$C$3-2*$D$3)*(BD:BD>$C$3-3*$D$3))))} -> 0 | Z12: =IFERROR(Y12/T12*100,"") -> 0 | AA12: {=COUNT(_xlfn._xlws.FILTER(BA:BA,(BA:BA=F12)*(BC:BC=_xlfn.NUMBERVALUE($C$3))*((BD:BD>=$C$3+3*$D$3)+(BD:BD<=$C$3-3*$D$3))))} -> 0 | AB12: =IFERROR(AA12/T12*100,"") -> 0 | AC12: {=_xlfn.CHOOSEROWS(_xlfn.VSTACK(COUNT(_xlfn._xlws.FILTER(BA:BA,(BA:BA=F12)*(BC:BC=_xlfn.NUMBERVALUE($C$4)))),COUNT(_xlfn._xlws.FILTER(BA:BA,(BA:BA=F13)*(BC:BC=_xlfn.NUMBERVALUE($C$4)))),COUNT(_xlfn._xlws.FILTER(BA:BA,(BA:BA=F14)*(BC:BC=_xlfn.NUMBERVALUE($C$4)))),COUNT(_xlfn._xlws.FILTER(BA:BA,(BA:BA=F15)*(BC:BC=_xlfn.NUMBERVALUE($C$4)))),COUNT(_xlfn._xlws.FILTER(BA:BA,(BA:BA=F16)*(BC:BC=_xlfn.NUMBERVALUE($C$4)))),COUNT(_xlfn._xlws.FILTER(BA:BA,(BA:BA=F17)*(BC:BC=_xlfn.NUMBERVALUE($C$4)))),COUNT(_xlfn._xlws.FILTER(BA:BA,(BA:BA=F18)*(BC:BC=_xlfn.NUMBERVALUE($C$4)))),COUNT(_xlfn._xlws.FILTER(BA:BA,(BA:BA=F19)*(BC:BC=_xlfn.NUMBERVALUE($C$4)))),COUNT(_xlfn._xlws.FILTER(BA:BA,(BA:BA=F20)*(BC:BC=_xlfn.NUMBERVALUE($C$4)))),COUNT(_xlfn._xlws.FILTER(BA:BA,(BA:BA=F21)*(BC:BC=_xlfn.NUMBERVALUE($C$3)))),COUNT(_xlfn._xlws.FILTER(BA:BA,(BA:BA=F22)*(BC:BC=_xlfn.NUMBERVALUE($C$3)))),COUNT(_xlfn._xlws.FILTER(BA:BA,(BA:BA=F23)*(BC:BC=_xlfn.NUMBERVALUE($C$3)))),COUNT(_xlfn._xlws.FILTER(BA:BA,(BA:BA=F24)*(BC:BC=_xlfn.NUMBERVALUE($C$3)))),COUNT(_xlfn._xlws.FILTER(BA:BA,(BA:BA=F25)*(BC:BC=_xlfn.NUMBERVALUE($C$3)))),COUNT(_xlfn._xlws.FILTER(BA:BA,(BA:BA=F26)*(BC:BC=_xlfn.NUMBERVALUE($C$3)))),COUNT(_xlfn._xlws.FILTER(BA:BA,(BA:BA=F27)*(BC:BC=_xlfn.NUMBERVALUE($C$3)))),COUNT(_xlfn._xlws.FILTER(BA:BA,(BA:BA=F28)*(BC:BC=_xlfn.NUMBERVALUE($C$3)))),COUNT(_xlfn._xlws.FILTER(BA:BA,(BA:BA=F29)*(BC:BC=_xlfn.NUMBERVALUE($C$3)))),COUNT(_xlfn._xlws.FILTER(BA:BA,(BA:BA=F30)*(BC:BC=_xlfn.NUMBERVALUE($C$3)))),COUNT(_xlfn._xlws.FILTER(BA:BA,(BA:BA=F31)*(BC:BC=_xlfn.NUMBERVALUE($C$3)))),COUNT(_xlfn._xlws.FILTER(BA:BA,(BA:BA=F32)*(BC:BC=_xlfn.NUMBERVALUE($C$3)))),COUNT(_xlfn._xlws.FILTER(BA:BA,(BA:BA=F33)*(BC:BC=_xlfn.NUMBERVALUE($C$3)))),COUNT(_xlfn._xlws.FILTER(BA:BA,(BA:BA=F34)*(BC:BC=_xlfn.NUMBERVALUE($C$3)))),COUNT(_xlfn._xlws.FILTER(BA:BA,(BA:BA=F35)*(BC:BC=_xlfn.NUMBERVALUE($C$3)))),COUNT(_xlfn._xlws.FILTER(BA:BA,(BA:BA=F36)*(BC:BC=_xlfn.NUMBERVALUE($C$3)))),COUNT(_xlfn._xlws.FILTER(BA:BA,(BA:BA=F37)*(BC:BC=_xlfn.NUMBERVALUE($C$3)))),COUNT(_xlfn._xlws.FILTER(BA:BA,(BA:BA=F38)*(BC:BC=_xlfn.NUMBERVALUE($C$3)))),COUNT(_xlfn._xlws.FILTER(BA:BA,(BA:BA=F39)*(BC:BC=_xlfn.NUMBERVALUE($C$3)))),COUNT(_xlfn._xlws.FILTER(BA:BA,(BA:BA=F40)*(BC:BC=_xlfn.NUMBERVALUE($C$3)))),COUNT(_xlfn._xlws.FILTER(BA:BA,(BA:BA=F41)*(BC:BC=_xlfn.NUMBERVALUE($C$3)))),COUNT(_xlfn._xlws.FILTER(BA:BA,(BA:BA=F42)*(BC:BC=_xlfn.NUMBERVALUE($C$3)))),COUNT(_xlfn._xlws.FILTER(BA:BA,(BA:BA=F43)*(BC:BC=_xlfn.NUMBERVALUE($C$3)))),COUNT(_xlfn._xlws.FILTER(BA:BA,(BA:BA=F44)*(BC:BC=_xlfn.NUMBERVALUE($C$3)))),COUNT(_xlfn._xlws.FILTER(BA:BA,(BA:BA=F45)*(BC:BC=_xlfn.NUMBERVALUE($C$3)))),COUNT(_xlfn._xlws.FILTER(BA:BA,(BA:BA=F46)*(BC:BC=_xlfn.NUMBERVALUE($C$3)))),COUNT(_xlfn._xlws.FILTER(BA:BA,(BA:BA=F47)*(BC:BC=_xlfn.NUMBERVALUE($C$3)))),COUNT(_xlfn._xlws.FILTER(BA:BA,(BA:BA=F48)*(BC:BC=_xlfn.NUMBERVALUE($C$3)))),COUNT(_xlfn._xlws.FILTER(BA:BA,(BA:BA=F49)*(BC:BC=_xlfn.NUMBERVALUE($C$3)))),COUNT(_xlfn._xlws.FILTER(BA:BA,(BA:BA=F50)*(BC:BC=_xlfn.NUMBERVALUE($C$3)))),COUNT(_xlfn._xlws.FILTER(BA:BA,(BA:BA=F51)*(BC:BC=_xlfn.NUMBERVALUE($C$3)))),COUNT(_xlfn._xlws.FILTER(BA:BA,(BA:BA=F52)*(BC:BC=_xlfn.NUMBERVALUE($C$3)))),COUNT(_xlfn._xlws.FILTER(BA:BA,(BA:BA=F53)*(BC:BC=_xlfn.NUMBERVALUE($C$3)))),COUNT(_xlfn._xlws.FILTER(BA:BA,(BA:BA=F54)*(BC:BC=_xlfn.NUMBERVALUE($C$3)))),COUNT(_xlfn._xlws.FILTER(BA:BA,(BA:BA=F55)*(BC:BC=_xlfn.NUMBERVALUE($C$3)))),COUNT(_xlfn._xlws.FILTER(BA:BA,(BA:BA=F56)*(BC:BC=_xlfn.NUMBERVALUE($C$3)))),COUNT(_xlfn._xlws.FILTER(BA:BA,(BA:BA=F57)*(BC:BC=_xlfn.NUMBERVALUE($C$3)))),COUNT(_xlfn._xlws.FILTER(BA:BA,(BA:BA=F58)*(BC:BC=_xlfn.NUMBERVALUE($C$3)))),COUNT(_xlfn._xlws.FILTER(BA:BA,(BA:BA=F59)*(BC:BC=_xlfn.NUMBERVALUE($C$3)))),COUNT(_xlfn._xlws.FILTER(BA:BA,(BA:BA=F60)*(BC:BC=_xlfn.NUMBERVALUE($C$3)))),COUNT(_xlfn._xlws.FILTER(BA:BA,(BA:BA=F61)*(BC:BC=_xlfn.NUMBERVALUE($C$3)))),COUNT(_xlfn._xlws.FILTER(BA:BA,(BA:BA=F62)*(BC:BC=_xlfn.NUMBERVALUE($C$3)))),COUNT(_xlfn._xlws.FILTER(BA:BA,(BA:BA=F63)*(BC:BC=_xlfn.NUMBERVALUE($C$3)))),COUNT(_xlfn._xlws.FILTER(BA:BA,(BA:BA=F64)*(BC:BC=_xlfn.NUMBERVALUE($C$3)))),COUNT(_xlfn._xlws.FILTER(BA:BA,(BA:BA=F65)*(BC:BC=_xlfn.NUMBERVALUE($C$3)))),COUNT(_xlfn._xlws.FILTER(BA:BA,(BA:BA=F66)*(BC:BC=_xlfn.NUMBERVALUE($C$3)))),COUNT(_xlfn._xlws.FILTER(BA:BA,(BA:BA=F67)*(BC:BC=_xlfn.NUMBERVALUE($C$3)))),COUNT(_xlfn._xlws.FILTER(BA:BA,(BA:BA=F68)*(BC:BC=_xlfn.NUMBERVALUE($C$3)))),COUNT(_xlfn._xlws.FILTER(BA:BA,(BA:BA=F69)*(BC:BC=_xlfn.NUMBERVALUE($C$3)))),COUNT(_xlfn._xlws.FILTER(BA:BA,(BA:BA=F70)*(BC:BC=_xlfn.NUMBERVALUE($C$3))))),_xlfn.ANCHORARRAY(F12))} -> 5 | AD12: {=COUNT(_xlfn._xlws.FILTER(BA:BA,(BA:BA=F12)*(BC:BC=_xlfn.NUMBERVALUE($C$4))*((BD:BD<=$C$4+$D$4)*(BD:BD>$C$4-$D$4))))} -> 1 | AE12: =IFERROR(AD12/AC12*100,"") -> 20 | AF12: {=COUNT(_xlfn._xlws.FILTER(BA:BA,(BA:BA=F12)*(BC:BC=_xlfn.NUMBERVALUE($C$4))*((BD:BD>$C$4+$D$4)*(BD:BD<$C$4+2*$D$4)+(BD:BD<$C$4-$D$4)*(BD:BD>$C$4-2*$D$4))))} -> 3 | AG12: =IFERROR(AF12/AC12*100,"") -> 60 | AH12: {=COUNT(_xlfn._xlws.FILTER(BA:BA,(BA:BA=F12)*(BC:BC=_xlfn.NUMBERVALUE($C$4))*((BD:BD>$C$4+2*$D$4)*(BD:BD<$C$4+3*$D$4)+(BD:BD<$C$4-2*$D$4)*(BD:BD>$C$4-3*$D$4))))} -> 1 | AI12: =IFERROR(AH12/AC12*100,"") -> 20 | AJ12: {=COUNT(_xlfn._xlws.FILTER(BA:BA,(BA:BA=F12)*(BC:BC=_xlfn.NUMBERVALUE($C$4))*((BD:BD>$C$4+3*$D$4)+(BD:BD<$C$4-3*$D$4))))} -> 0 | AK12: =IFERROR(AJ12/AC12*100,"") -> 0 | AL12: {=_xlfn.CHOOSEROWS(_xlfn.VSTACK(COUNT(_xlfn._xlws.FILTER(BA:BA,(BA:BA=F12)*(BC:BC=_xlfn.NUMBERVALUE($C$5)))),COUNT(_xlfn._xlws.FILTER(BA:BA,(BA:BA=F13)*(BC:BC=_xlfn.NUMBERVALUE($C$5)))),COUNT(_xlfn._xlws.FILTER(BA:BA,(BA:BA=F14)*(BC:BC=_xlfn.NUMBERVALUE($C$5)))),COUNT(_xlfn._xlws.FILTER(BA:BA,(BA:BA=F15)*(BC:BC=_xlfn.NUMBERVALUE($C$5)))),COUNT(_xlfn._xlws.FILTER(BA:BA,(BA:BA=F16)*(BC:BC=_xlfn.NUMBERVALUE($C$5)))),COUNT(_xlfn._xlws.FILTER(BA:BA,(BA:BA=F17)*(BC:BC=_xlfn.NUMBERVALUE($C$5)))),COUNT(_xlfn._xlws.FILTER(BA:BA,(BA:BA=F18)*(BC:BC=_xlfn.NUMBERVALUE($C$5)))),COUNT(_xlfn._xlws.FILTER(BA:BA,(BA:BA=F19)*(BC:BC=_xlfn.NUMBERVALUE($C$5)))),COUNT(_xlfn._xlws.FILTER(BA:BA,(BA:BA=F20)*(BC:BC=_xlfn.NUMBERVALUE($C$5)))),COUNT(_xlfn._xlws.FILTER(BA:BA,(BA:BA=F21)*(BC:BC=_xlfn.NUMBERVALUE($C$3)))),COUNT(_xlfn._xlws.FILTER(BA:BA,(BA:BA=F22)*(BC:BC=_xlfn.NUMBERVALUE($C$3)))),COUNT(_xlfn._xlws.FILTER(BA:BA,(BA:BA=F23)*(BC:BC=_xlfn.NUMBERVALUE($C$3)))),COUNT(_xlfn._xlws.FILTER(BA:BA,(BA:BA=F24)*(BC:BC=_xlfn.NUMBERVALUE($C$3)))),COUNT(_xlfn._xlws.FILTER(BA:BA,(BA:BA=F25)*(BC:BC=_xlfn.NUMBERVALUE($C$3)))),COUNT(_xlfn._xlws.FILTER(BA:BA,(BA:BA=F26)*(BC:BC=_xlfn.NUMBERVALUE($C$3)))),COUNT(_xlfn._xlws.FILTER(BA:BA,(BA:BA=F27)*(BC:BC=_xlfn.NUMBERVALUE($C$3)))),COUNT(_xlfn._xlws.FILTER(BA:BA,(BA:BA=F28)*(BC:BC=_xlfn.NUMBERVALUE($C$3)))),COUNT(_xlfn._xlws.FILTER(BA:BA,(BA:BA=F29)*(BC:BC=_xlfn.NUMBERVALUE($C$3)))),COUNT(_xlfn._xlws.FILTER(BA:BA,(BA:BA=F30)*(BC:BC=_xlfn.NUMBERVALUE($C$3)))),COUNT(_xlfn._xlws.FILTER(BA:BA,(BA:BA=F31)*(BC:BC=_xlfn.NUMBERVALUE($C$3)))),COUNT(_xlfn._xlws.FILTER(BA:BA,(BA:BA=F32)*(BC:BC=_xlfn.NUMBERVALUE($C$3)))),COUNT(_xlfn._xlws.FILTER(BA:BA,(BA:BA=F33)*(BC:BC=_xlfn.NUMBERVALUE($C$3)))),COUNT(_xlfn._xlws.FILTER(BA:BA,(BA:BA=F34)*(BC:BC=_xlfn.NUMBERVALUE($C$3)))),COUNT(_xlfn._xlws.FILTER(BA:BA,(BA:BA=F35)*(BC:BC=_xlfn.NUMBERVALUE($C$3)))),COUNT(_xlfn._xlws.FILTER(BA:BA,(BA:BA=F36)*(BC:BC=_xlfn.NUMBERVALUE($C$3)))),COUNT(_xlfn._xlws.FILTER(BA:BA,(BA:BA=F37)*(BC:BC=_xlfn.NUMBERVALUE($C$3)))),COUNT(_xlfn._xlws.FILTER(BA:BA,(BA:BA=F38)*(BC:BC=_xlfn.NUMBERVALUE($C$3)))),COUNT(_xlfn._xlws.FILTER(BA:BA,(BA:BA=F39)*(BC:BC=_xlfn.NUMBERVALUE($C$3)))),COUNT(_xlfn._xlws.FILTER(BA:BA,(BA:BA=F40)*(BC:BC=_xlfn.NUMBERVALUE($C$3)))),COUNT(_xlfn._xlws.FILTER(BA:BA,(BA:BA=F41)*(BC:BC=_xlfn.NUMBERVALUE($C$3)))),COUNT(_xlfn._xlws.FILTER(BA:BA,(BA:BA=F42)*(BC:BC=_xlfn.NUMBERVALUE($C$3)))),COUNT(_xlfn._xlws.FILTER(BA:BA,(BA:BA=F43)*(BC:BC=_xlfn.NUMBERVALUE($C$3)))),COUNT(_xlfn._xlws.FILTER(BA:BA,(BA:BA=F44)*(BC:BC=_xlfn.NUMBERVALUE($C$3)))),COUNT(_xlfn._xlws.FILTER(BA:BA,(BA:BA=F45)*(BC:BC=_xlfn.NUMBERVALUE($C$3)))),COUNT(_xlfn._xlws.FILTER(BA:BA,(BA:BA=F46)*(BC:BC=_xlfn.NUMBERVALUE($C$3)))),COUNT(_xlfn._xlws.FILTER(BA:BA,(BA:BA=F47)*(BC:BC=_xlfn.NUMBERVALUE($C$3)))),COUNT(_xlfn._xlws.FILTER(BA:BA,(BA:BA=F48)*(BC:BC=_xlfn.NUMBERVALUE($C$3)))),COUNT(_xlfn._xlws.FILTER(BA:BA,(BA:BA=F49)*(BC:BC=_xlfn.NUMBERVALUE($C$3)))),COUNT(_xlfn._xlws.FILTER(BA:BA,(BA:BA=F50)*(BC:BC=_xlfn.NUMBERVALUE($C$3)))),COUNT(_xlfn._xlws.FILTER(BA:BA,(BA:BA=F51)*(BC:BC=_xlfn.NUMBERVALUE($C$3)))),COUNT(_xlfn._xlws.FILTER(BA:BA,(BA:BA=F52)*(BC:BC=_xlfn.NUMBERVALUE($C$3)))),COUNT(_xlfn._xlws.FILTER(BA:BA,(BA:BA=F53)*(BC:BC=_xlfn.NUMBERVALUE($C$3)))),COUNT(_xlfn._xlws.FILTER(BA:BA,(BA:BA=F54)*(BC:BC=_xlfn.NUMBERVALUE($C$3)))),COUNT(_xlfn._xlws.FILTER(BA:BA,(BA:BA=F55)*(BC:BC=_xlfn.NUMBERVALUE($C$3)))),COUNT(_xlfn._xlws.FILTER(BA:BA,(BA:BA=F56)*(BC:BC=_xlfn.NUMBERVALUE($C$3)))),COUNT(_xlfn._xlws.FILTER(BA:BA,(BA:BA=F57)*(BC:BC=_xlfn.NUMBERVALUE($C$3)))),COUNT(_xlfn._xlws.FILTER(BA:BA,(BA:BA=F58)*(BC:BC=_xlfn.NUMBERVALUE($C$3)))),COUNT(_xlfn._xlws.FILTER(BA:BA,(BA:BA=F59)*(BC:BC=_xlfn.NUMBERVALUE($C$3)))),COUNT(_xlfn._xlws.FILTER(BA:BA,(BA:BA=F60)*(BC:BC=_xlfn.NUMBERVALUE($C$3)))),COUNT(_xlfn._xlws.FILTER(BA:BA,(BA:BA=F61)*(BC:BC=_xlfn.NUMBERVALUE($C$3)))),COUNT(_xlfn._xlws.FILTER(BA:BA,(BA:BA=F62)*(BC:BC=_xlfn.NUMBERVALUE($C$3)))),COUNT(_xlfn._xlws.FILTER(BA:BA,(BA:BA=F63)*(BC:BC=_xlfn.NUMBERVALUE($C$3)))),COUNT(_xlfn._xlws.FILTER(BA:BA,(BA:BA=F64)*(BC:BC=_xlfn.NUMBERVALUE($C$3)))),COUNT(_xlfn._xlws.FILTER(BA:BA,(BA:BA=F65)*(BC:BC=_xlfn.NUMBERVALUE($C$3)))),COUNT(_xlfn._xlws.FILTER(BA:BA,(BA:BA=F66)*(BC:BC=_xlfn.NUMBERVALUE($C$3)))),COUNT(_xlfn._xlws.FILTER(BA:BA,(BA:BA=F67)*(BC:BC=_xlfn.NUMBERVALUE($C$3)))),COUNT(_xlfn._xlws.FILTER(BA:BA,(BA:BA=F68)*(BC:BC=_xlfn.NUMBERVALUE($C$3)))),COUNT(_xlfn._xlws.FILTER(BA:BA,(BA:BA=F69)*(BC:BC=_xlfn.NUMBERVALUE($C$3)))),COUNT(_xlfn._xlws.FILTER(BA:BA,(BA:BA=F70)*(BC:BC=_xlfn.NUMBERVALUE($C$3))))),_xlfn.ANCHORARRAY(F12))} -> 5 | AM12: {=COUNT(_xlfn._xlws.FILTER(BA:BA,(BA:BA=F12)*(BC:BC=_xlfn.NUMBERVALUE($C$5))*((BD:BD<=$C$5+$D$5)*(BD:BD>$C$5-$D$5))))} -> 0 | AN12: =IFERROR(AM12/AL12*100,"") -> 0 | AO12: {=COUNT(_xlfn._xlws.FILTER(BA:BA,(BA:BA=F12)*(BC:BC=_xlfn.NUMBERVALUE($C$5))*((BD:BD>$C$5+$D$5)*(BD:BD<$C$5+2*$D$5)+(BD:BD<$C$5-$D$5)*(BD:BD>$C$5-2*$D$5))))} -> 4 | AP12: =IFERROR(AO12/AL12*100,"") -> 80 | AQ12: {=COUNT(_xlfn._xlws.FILTER(BA:BA,(BA:BA=F12)*(BC:BC=_xlfn.NUMBERVALUE($C$5))*((BD:BD>$C$5+2*$D$5)*(BD:BD<$C$5+3*$D$5)+(BD:BD<$C$5-2*$D$5)*(BD:BD>$C$5-3*$D$5))))} -> 1 | AR12: =IFERROR(AQ12/AL12*100,"") -> 20 | AS12: {=COUNT(_xlfn._xlws.FILTER(BA:BA,(BA:BA=F12)*(BC:BC=_xlfn.NUMBERVALUE($C$5))*((BD:BD>$C$5+3*$D$5)+(BD:BD<$C$5-3*$D$5))))} -> 0 | AT12: =IFERROR(AS12/AL12*100,"") -> 0 | AW12: 1.1 | AX12: 1.1 | AY12: R080_HI782-0_0.0_LOT0366_PWW49.1_QC.xlsx | AZ12: LOT0366 | BA12: 1 | BB12: P/Final | BC12: 35 | BD12: 38.7 | BE12: 0 | BF12: 0 | BG12: 45299 | BH12: LOT0568 | BI12: 11 | BJ12: 0 | BK12: 15 | BL12: 35 | BM12: 60 | BP12: 0 | BQ12: 16.5 | BR12: 36.961702 | BS12: 61.18 | BV12: 0 | BW12: 0 | BX12: 0 | BY12: 0 | BZ12: 1 | CA12: 1 | CB12: 1 | CC12: 7.8975 | CD12: 1.3675 | CE12: 1.3675 | CF12: 1.3675 | CG12: 1.3675 | CH12: 1.3675 | CI12: 1.3675 | CJ12: 10.325 | CK12: 1.8575 | CL12: 1.8575 | CM12: 1.8575 | CN12: 1.8575 | CO12: 1.8575 | CP12: 1.8575 | CQ12: 12.0175 | CR12: 2.47 | CS12: 2.47 | CT12: 2.47 | CU12: 2.47 | CV12: 2.47 | CW12: 2.47 | CX12: -67.41 | CY12: 0 | CZ12: 0 | DA12: 0 | DB12: 0 | DC12: 0 | DD12: 0 | DE12: 0 | DF12: 0 | DG12: 0 | DH12: 0 | DI12: 0 | DJ12: 0 | DK12: 0 | DL12: {=IF($BJ12<>"",IFERROR(AVERAGE(_xlfn._xlws.FILTER($BD:$BD,($BA:$BA=$BI12)*($BC:$BC=_xlfn.NUMBERVALUE($BJ12)))),""),"")} -> 0 | DM12: {=IF($BK12<>"",IFERROR(AVERAGE(_xlfn._xlws.FILTER($BD:$BD,($BA:$BA=$BI12)*($BC:$BC=_xlfn.NUMBERVALUE($BK12)))),""),"")} -> 16.5 | DN12: {=IF($BL12<>"",IFERROR(AVERAGE(_xlfn._xlws.FILTER($BD:$BD,($BA:$BA=$BI12)*($BC:$BC=_xlfn.NUMBERVALUE($BL12)))),""),"")} -> 36.961702 | DO12: {=IF($BM12<>"",IFERROR(AVERAGE(_xlfn._xlws.FILTER($BD:$BD,($BA:$BA=$BI12)*($BC:$BC=_xlfn.NUMBERVALUE($BM12)))),""),"")} -> 61.18 | DP12: {=IF($BN12<>"",IFERROR(AVERAGE(_xlfn._xlws.FILTER($BD:$BD,($BA:$BA=$BI12)*($BC:$BC=_xlfn.NUMBERVALUE($BN12)))),""),"")} | DQ12: {=IF($BO12<>"",IFERROR(AVERAGE(_xlfn._xlws.FILTER($BD:$BD,($BA:$BA=$BI12)*($BC:$BC=_xlfn.NUMBERVALUE($BO12)))),""),"")} | DR12: 0 | DS12: 0 | DT12: 0 | DU12: 0 | DX12: {=IF($BJ12<>"",IFERROR(AVERAGE(_xlfn._xlws.FILTER($BE:$BE,($BA:$BA=$BI12)*($BC:$BC=_xlfn.NUMBERVALUE($BJ12)))),""),"")} -> 0 | DY12: {=IF($BK12<>"",IFERROR(AVERAGE(_xlfn._xlws.FILTER($BE:$BE,($BA:$BA=$BI12)*($BC:$BC=_xlfn.NUMBERVALUE($BK12)))),""),"")} -> 0 | DZ12: {=IF($BL12<>"",IFERROR(AVERAGE(_xlfn._xlws.FILTER($BE:$BE,($BA:$BA=$BI12)*($BC:$BC=_xlfn.NUMBERVALUE($BL12)))),""),"")} -> 0 | EA12: {=IF($BM12<>"",IFERROR(AVERAGE(_xlfn._xlws.FILTER($BE:$BE,($BA:$BA=$BI12)*($BC:$BC=_xlfn.NUMBERVALUE($BM12)))),""),"")} -> 0 | EB12: {=IF($BN12<>"",IFERROR(AVERAGE(_xlfn._xlws.FILTER($BE:$BE,($BA:$BA=$BI12)*($BC:$BC=_xlfn.NUMBERVALUE($BN12)))),""),"")} | EC12: {=IF($BO12<>"",IFERROR(AVERAGE(_xlfn._xlws.FILTER($BE:$BE,($BA:$BA=$BI12)*($BC:$BC=_xlfn.NUMBERVALUE($BO12)))),""),"")}
A13: P/Final | F13: 2 | G13: LOT0367 | H13: 45300 | I13: 2 | J13: 16 | K13: 4 | L13: {=COUNT(_xlfn._xlws.FILTER(BA:BA,(BA:BA=_xlfn.NUMBERVALUE(F13))*(BC:BC=_xlfn.NUMBERVALUE($C$2))*((BD:BD<$C$2+$D$2)*(BD:BD>$C$2-$D$2))))} -> 4 | M13: =IFERROR(L13/K13*100,"") -> 100 | N13: {=COUNT(_xlfn._xlws.FILTER(BA:BA,(BA:BA=_xlfn.NUMBERVALUE(F13))*(BC:BC=_xlfn.NUMBERVALUE($C$2))*((BD:BD>$C$2+$D$2)*(BD:BD<$C$2+2*$D$2)+(BD:BD<$C$2-$D$2)*(BD:BD>$C$2-2*$D$2))))} -> 0 | O13: =IFERROR(N13/K13*100,"") -> 0 | P13: {=COUNT(_xlfn._xlws.FILTER(BA:BA,(BA:BA=_xlfn.NUMBERVALUE(F13))*(BC:BC=_xlfn.NUMBERVALUE($C$2))*((BD:BD>$C$2+2*$D$2)*(BD:BD<$C$2+3*$D$2)+(BD:BD<$C$2-2*$D$2)*(BD:BD>$C$2-3*$D$2))))} -> 0 | Q13: =IFERROR(P13/K13*100,"") -> 0 | R13: {=COUNT(_xlfn._xlws.FILTER(BA:BA,(BA:BA=_xlfn.NUMBERVALUE(F13))*(BC:BC=_xlfn.NUMBERVALUE($C$2))*((BD:BD>$C$2+3*$D$2)+(BD:BD<$C$2-3*$D$2))))} -> 0 | S13: =IFERROR(R13/K13*100,"") -> 0 | T13: 4 | U13: {=COUNT(_xlfn._xlws.FILTER(BA:BA,(BA:BA=F13)*(BC:BC=_xlfn.NUMBERVALUE($C$3))*((BD:BD<=$C$3+$D$3)*(BD:BD>$C$3-$D$3))))} -> 2 | V13: =IFERROR(U13/T13*100,"") -> 50 | W13: {=COUNT(_xlfn._xlws.FILTER(BA:BA,(BA:BA=F13)*(BC:BC=_xlfn.NUMBERVALUE($C$3))*((BD:BD>$C$3+$D$3)*(BD:BD<$C$3+2*$D$3)+(BD:BD<$C$3-$D$3)*(BD:BD>$C$3-2*$D$3))))} -> 2 | X13: =IFERROR(W13/T13*100,"") -> 50 | Y13: {=COUNT(_xlfn._xlws.FILTER(BA:BA,(BA:BA=F13)*(BC:BC=_xlfn.NUMBERVALUE($C$3))*((BD:BD>$C$3+2*$D$3)*(BD:BD<$C$3+3*$D$3)+(BD:BD<$C$3-2*$D$3)*(BD:BD>$C$3-3*$D$3))))} -> 0 | Z13: =IFERROR(Y13/T13*100,"") -> 0 | AA13: {=COUNT(_xlfn._xlws.FILTER(BA:BA,(BA:BA=F13)*(BC:BC=_xlfn.NUMBERVALUE($C$3))*((BD:BD>=$C$3+3*$D$3)+(BD:BD<=$C$3-3*$D$3))))} -> 0 | AB13: =IFERROR(AA13/T13*100,"") -> 0 | AC13: 4 | AD13: {=COUNT(_xlfn._xlws.FILTER(BA:BA,(BA:BA=F13)*(BC:BC=_xlfn.NUMBERVALUE($C$4))*((BD:BD<=$C$4+$D$4)*(BD:BD>$C$4-$D$4))))} -> 1 | AE13: =IFERROR(AD13/AC13*100,"") -> 25 | AF13: {=COUNT(_xlfn._xlws.FILTER(BA:BA,(BA:BA=F13)*(BC:BC=_xlfn.NUMBERVALUE($C$4))*((BD:BD>$C$4+$D$4)*(BD:BD<$C$4+2*$D$4)+(BD:BD<$C$4-$D$4)*(BD:BD>$C$4-2*$D$4))))} -> 3 | AG13: =IFERROR(AF13/AC13*100,"") -> 75 | AH13: {=COUNT(_xlfn._xlws.FILTER(BA:BA,(BA:BA=F13)*(BC:BC=_xlfn.NUMBERVALUE($C$4))*((BD:BD>$C$4+2*$D$4)*(BD:BD<$C$4+3*$D$4)+(BD:BD<$C$4-2*$D$4)*(BD:BD>$C$4-3*$D$4))))} -> 0 | AI13: =IFERROR(AH13/AC13*100,"") -> 0 | AJ13: {=COUNT(_xlfn._xlws.FILTER(BA:BA,(BA:BA=F13)*(BC:BC=_xlfn.NUMBERVALUE($C$4))*((BD:BD>$C$4+3*$D$4)+(BD:BD<$C$4-3*$D$4))))} -> 0 | AK13: =IFERROR(AJ13/AC13*100,"") -> 0 | AL13: 4 | AM13: {=COUNT(_xlfn._xlws.FILTER(BA:BA,(BA:BA=F13)*(BC:BC=_xlfn.NUMBERVALUE($C$5))*((BD:BD<=$C$5+$D$5)*(BD:BD>$C$5-$D$5))))} -> 2 | AN13: =IFERROR(AM13/AL13*100,"") -> 50 | AO13: {=COUNT(_xlfn._xlws.FILTER(BA:BA,(BA:BA=F13)*(BC:BC=_xlfn.NUMBERVALUE($C$5))*((BD:BD>$C$5+$D$5)*(BD:BD<$C$5+2*$D$5)+(BD:BD<$C$5-$D$5)*(BD:BD>$C$5-2*$D$5))))} -> 2 | AP13: =IFERROR(AO13/AL13*100,"") -> 50 | AQ13: {=COUNT(_xlfn._xlws.FILTER(BA:BA,(BA:BA=F13)*(BC:BC=_xlfn.NUMBERVALUE($C$5))*((BD:BD>$C$5+2*$D$5)*(BD:BD<$C$5+3*$D$5)+(BD:BD<$C$5-2*$D$5)*(BD:BD>$C$5-3*$D$5))))} -> 0 | AR13: =IFERROR(AQ13/AL13*100,"") -> 0 | AS13: {=COUNT(_xlfn._xlws.FILTER(BA:BA,(BA:BA=F13)*(BC:BC=_xlfn.NUMBERVALUE($C$5))*((BD:BD>$C$5+3*$D$5)+(BD:BD<$C$5-3*$D$5))))} -> 0 | AT13: =IFERROR(AS13/AL13*100,"") -> 0 | AW13: 1.1 | AX13: 1.1 | AY13: R080_HI782-0_0.0_LOT0366_PWW49.1_QC.xlsx | AZ13: LOT0366 | BA13: 1 | BB13: P/Final | BC13: 35 | BD13: 35.9 | BE13: 0 | BF13: 0 | BG13: 45299 | BH13: LOT0632 | BI13: 12 | BJ13: 0 | BK13: 15 | BL13: 35 | BM13: 60 | BP13: 0 | BQ13: 14.8375 | BR13: 34.736364 | BS13: 59.35 | BV13: 0 | BW13: 0 | BX13: 0 | BY13: 0 | BZ13: 1 | CA13: 1 | CB13: 1 | CC13: 7.8975 | CD13: 1.3675 | CE13: 1.3675 | CF13: 1.3675 | CG13: 1.3675 | CH13: 1.3675 | CI13: 1.3675 | CJ13: 10.325 | CK13: 1.8575 | CL13: 1.8575 | CM13: 1.8575 | CN13: 1.8575 | CO13: 1.8575 | CP13: 1.8575 | CQ13: 12.0175 | CR13: 2.47 | CS13: 2.47 | CT13: 2.47 | CU13: 2.47 | CV13: 2.47 | CW13: 2.47 | CX13: -67.41 | CY13: 0 | CZ13: 0 | DA13: 0 | DB13: 0 | DC13: 0 | DD13: 0 | DE13: 0 | DF13: 0 | DG13: 0 | DH13: 0 | DI13: 0 | DJ13: 0 | DK13: 0 | DL13: {=IF($BJ13<>"",IFERROR(AVERAGE(_xlfn._xlws.FILTER($BD:$BD,($BA:$BA=$BI13)*($BC:$BC=_xlfn.NUMBERVALUE($BJ13)))),""),"")} -> 0 | DM13: {=IF($BK13<>"",IFERROR(AVERAGE(_xlfn._xlws.FILTER($BD:$BD,($BA:$BA=$BI13)*($BC:$BC=_xlfn.NUMBERVALUE($BK13)))),""),"")} -> 14.8375 | DN13: {=IF($BL13<>"",IFERROR(AVERAGE(_xlfn._xlws.FILTER($BD:$BD,($BA:$BA=$BI13)*($BC:$BC=_xlfn.NUMBERVALUE($BL13)))),""),"")} -> 34.736364 | DO13: {=IF($BM13<>"",IFERROR(AVERAGE(_xlfn._xlws.FILTER($BD:$BD,($BA:$BA=$BI13)*($BC:$BC=_xlfn.NUMBERVALUE($BM13)))),""),"")} -> 59.35 | DP13: {=IF($BN13<>"",IFERROR(AVERAGE(_xlfn._xlws.FILTER($BD:$BD,($BA:$BA=$BI13)*($BC:$BC=_xlfn.NUMBERVALUE($BN13)))),""),"")} | DQ13: {=IF($BO13<>"",IFERROR(AVERAGE(_xlfn._xlws.FILTER($BD:$BD,($BA:$BA=$BI13)*($BC:$BC=_xlfn.NUMBERVALUE($BO13)))),""),"")} | DR13: 0 | DS13: 0 | DT13: 0 | DU13: 0 | DX13: {=IF($BJ13<>"",IFERROR(AVERAGE(_xlfn._xlws.FILTER($BE:$BE,($BA:$BA=$BI13)*($BC:$BC=_xlfn.NUMBERVALUE($BJ13)))),""),"")} -> 0 | DY13: {=IF($BK13<>"",IFERROR(AVERAGE(_xlfn._xlws.FILTER($BE:$BE,($BA:$BA=$BI13)*($BC:$BC=_xlfn.NUMBERVALUE($BK13)))),""),"")} -> 0 | DZ13: {=IF($BL13<>"",IFERROR(AVERAGE(_xlfn._xlws.FILTER($BE:$BE,($BA:$BA=$BI13)*($BC:$BC=_xlfn.NUMBERVALUE($BL13)))),""),"")} -> 0 | EA13: {=IF($BM13<>"",IFERROR(AVERAGE(_xlfn._xlws.FILTER($BE:$BE,($BA:$BA=$BI13)*($BC:$BC=_xlfn.NUMBERVALUE($BM13)))),""),"")} -> 0 | EB13: {=IF($BN13<>"",IFERROR(AVERAGE(_xlfn._xlws.FILTER($BE:$BE,($BA:$BA=$BI13)*($BC:$BC=_xlfn.NUMBERVALUE($BN13)))),""),"")} | EC13: {=IF($BO13<>"",IFERROR(AVERAGE(_xlfn._xlws.FILTER($BE:$BE,($BA:$BA=$BI13)*($BC:$BC=_xlfn.NUMBERVALUE($BO13)))),""),"")}
A14: P/Prod | F14: 3 | G14: LOT0418 | H14: 45310 | I14: 4 | J14: 39 | K14: 1 | L14: {=COUNT(_xlfn._xlws.FILTER(BA:BA,(BA:BA=_xlfn.NUMBERVALUE(F14))*(BC:BC=_xlfn.NUMBERVALUE($C$2))*((BD:BD<$C$2+$D$2)*(BD:BD>$C$2-$D$2))))} -> 1 | M14: =IFERROR(L14/K14*100,"") -> 100 | N14: {=COUNT(_xlfn._xlws.FILTER(BA:BA,(BA:BA=_xlfn.NUMBERVALUE(F14))*(BC:BC=_xlfn.NUMBERVALUE($C$2))*((BD:BD>$C$2+$D$2)*(BD:BD<$C$2+2*$D$2)+(BD:BD<$C$2-$D$2)*(BD:BD>$C$2-2*$D$2))))} -> 0 | O14: =IFERROR(N14/K14*100,"") -> 0 | P14: {=COUNT(_xlfn._xlws.FILTER(BA:BA,(BA:BA=_xlfn.NUMBERVALUE(F14))*(BC:BC=_xlfn.NUMBERVALUE($C$2))*((BD:BD>$C$2+2*$D$2)*(BD:BD<$C$2+3*$D$2)+(BD:BD<$C$2-2*$D$2)*(BD:BD>$C$2-3*$D$2))))} -> 0 | Q14: =IFERROR(P14/K14*100,"") -> 0 | R14: {=COUNT(_xlfn._xlws.FILTER(BA:BA,(BA:BA=_xlfn.NUMBERVALUE(F14))*(BC:BC=_xlfn.NUMBERVALUE($C$2))*((BD:BD>$C$2+3*$D$2)+(BD:BD<$C$2-3*$D$2))))} -> 0 | S14: =IFERROR(R14/K14*100,"") -> 0 | T14: 13 | U14: {=COUNT(_xlfn._xlws.FILTER(BA:BA,(BA:BA=F14)*(BC:BC=_xlfn.NUMBERVALUE($C$3))*((BD:BD<=$C$3+$D$3)*(BD:BD>$C$3-$D$3))))} -> 8 | V14: =IFERROR(U14/T14*100,"") -> 61.538462 | W14: {=COUNT(_xlfn._xlws.FILTER(BA:BA,(BA:BA=F14)*(BC:BC=_xlfn.NUMBERVALUE($C$3))*((BD:BD>$C$3+$D$3)*(BD:BD<$C$3+2*$D$3)+(BD:BD<$C$3-$D$3)*(BD:BD>$C$3-2*$D$3))))} -> 3 | X14: =IFERROR(W14/T14*100,"") -> 23.076923 | Y14: {=COUNT(_xlfn._xlws.FILTER(BA:BA,(BA:BA=F14)*(BC:BC=_xlfn.NUMBERVALUE($C$3))*((BD:BD>$C$3+2*$D$3)*(BD:BD<$C$3+3*$D$3)+(BD:BD<$C$3-2*$D$3)*(BD:BD>$C$3-3*$D$3))))} -> 2 | Z14: =IFERROR(Y14/T14*100,"") -> 15.384615 | AA14: {=COUNT(_xlfn._xlws.FILTER(BA:BA,(BA:BA=F14)*(BC:BC=_xlfn.NUMBERVALUE($C$3))*((BD:BD>=$C$3+3*$D$3)+(BD:BD<=$C$3-3*$D$3))))} -> 0 | AB14: =IFERROR(AA14/T14*100,"") -> 0 | AC14: 15 | AD14: {=COUNT(_xlfn._xlws.FILTER(BA:BA,(BA:BA=F14)*(BC:BC=_xlfn.NUMBERVALUE($C$4))*((BD:BD<=$C$4+$D$4)*(BD:BD>$C$4-$D$4))))} -> 8 | AE14: =IFERROR(AD14/AC14*100,"") -> 53.333333 | AF14: {=COUNT(_xlfn._xlws.FILTER(BA:BA,(BA:BA=F14)*(BC:BC=_xlfn.NUMBERVALUE($C$4))*((BD:BD>$C$4+$D$4)*(BD:BD<$C$4+2*$D$4)+(BD:BD<$C$4-$D$4)*(BD:BD>$C$4-2*$D$4))))} -> 4 | AG14: =IFERROR(AF14/AC14*100,"") -> 26.666667 | AH14: {=COUNT(_xlfn._xlws.FILTER(BA:BA,(BA:BA=F14)*(BC:BC=_xlfn.NUMBERVALUE($C$4))*((BD:BD>$C$4+2*$D$4)*(BD:BD<$C$4+3*$D$4)+(BD:BD<$C$4-2*$D$4)*(BD:BD>$C$4-3*$D$4))))} -> 3 | AI14: =IFERROR(AH14/AC14*100,"") -> 20 | AJ14: {=COUNT(_xlfn._xlws.FILTER(BA:BA,(BA:BA=F14)*(BC:BC=_xlfn.NUMBERVALUE($C$4))*((BD:BD>$C$4+3*$D$4)+(BD:BD<$C$4-3*$D$4))))} -> 0 | AK14: =IFERROR(AJ14/AC14*100,"") -> 0 | AL14: 10 | AM14: {=COUNT(_xlfn._xlws.FILTER(BA:BA,(BA:BA=F14)*(BC:BC=_xlfn.NUMBERVALUE($C$5))*((BD:BD<=$C$5+$D$5)*(BD:BD>$C$5-$D$5))))} -> 4 | AN14: =IFERROR(AM14/AL14*100,"") -> 40 | AO14: {=COUNT(_xlfn._xlws.FILTER(BA:BA,(BA:BA=F14)*(BC:BC=_xlfn.NUMBERVALUE($C$5))*((BD:BD>$C$5+$D$5)*(BD:BD<$C$5+2*$D$5)+(BD:BD<$C$5-$D$5)*(BD:BD>$C$5-2*$D$5))))} -> 2 | AP14: =IFERROR(AO14/AL14*100,"") -> 20 | AQ14: {=COUNT(_xlfn._xlws.FILTER(BA:BA,(BA:BA=F14)*(BC:BC=_xlfn.NUMBERVALUE($C$5))*((BD:BD>$C$5+2*$D$5)*(BD:BD<$C$5+3*$D$5)+(BD:BD<$C$5-2*$D$5)*(BD:BD>$C$5-3*$D$5))))} -> 3 | AR14: =IFERROR(AQ14/AL14*100,"") -> 30 | AS14: {=COUNT(_xlfn._xlws.FILTER(BA:BA,(BA:BA=F14)*(BC:BC=_xlfn.NUMBERVALUE($C$5))*((BD:BD>$C$5+3*$D$5)+(BD:BD<$C$5-3*$D$5))))} -> 1 | AT14: =IFERROR(AS14/AL14*100,"") -> 10 | AW14: 1.1 | AX14: 1.1 | AY14: R080_HI782-0_0.0_LOT0366_PWW49.1_QC.xlsx | AZ14: LOT0366 | BA14: 1 | BB14: P/Final | BC14: 35 | BD14: 38.7 | BE14: 0 | BF14: 0 | BG14: 45299 | BH14: LOT0634 | BI14: 13 | BJ14: 0 | BK14: 15 | BL14: 35 | BM14: 60 | BP14: 0 | BQ14: 15.51 | BR14: 37.127273 | BS14: 61.472727 | BV14: 0 | BW14: 0 | BX14: 0 | BY14: 0 | BZ14: 1 | CA14: 1 | CB14: 1 | CC14: 7.8975 | CD14: 1.3675 | CE14: 1.3675 | CF14: 1.3675 | CG14: 1.3675 | CH14: 1.3675 | CI14: 1.3675 | CJ14: 10.325 | CK14: 1.8575 | CL14: 1.8575 | CM14: 1.8575 | CN14: 1.8575 | CO14: 1.8575 | CP14: 1.8575 | CQ14: 12.0175 | CR14: 2.47 | CS14: 2.47 | CT14: 2.47 | CU14: 2.47 | CV14: 2.47 | CW14: 2.47 | CX14: -67.41 | CY14: 0 | CZ14: 0 | DA14: 0 | DB14: 0 | DC14: 0 | DD14: 0 | DE14: 0 | DF14: 0 | DG14: 0 | DH14: 0 | DI14: 0 | DJ14: 0 | DK14: 0 | DL14: {=IF($BJ14<>"",IFERROR(AVERAGE(_xlfn._xlws.FILTER($BD:$BD,($BA:$BA=$BI14)*($BC:$BC=_xlfn.NUMBERVALUE($BJ14)))),""),"")} -> 0 | DM14: {=IF($BK14<>"",IFERROR(AVERAGE(_xlfn._xlws.FILTER($BD:$BD,($BA:$BA=$BI14)*($BC:$BC=_xlfn.NUMBERVALUE($BK14)))),""),"")} -> 15.51 | DN14: {=IF($BL14<>"",IFERROR(AVERAGE(_xlfn._xlws.FILTER($BD:$BD,($BA:$BA=$BI14)*($BC:$BC=_xlfn.NUMBERVALUE($BL14)))),""),"")} -> 37.127273 | DO14: {=IF($BM14<>"",IFERROR(AVERAGE(_xlfn._xlws.FILTER($BD:$BD,($BA:$BA=$BI14)*($BC:$BC=_xlfn.NUMBERVALUE($BM14)))),""),"")} -> 61.472727 | DP14: {=IF($BN14<>"",IFERROR(AVERAGE(_xlfn._xlws.FILTER($BD:$BD,($BA:$BA=$BI14)*($BC:$BC=_xlfn.NUMBERVALUE($BN14)))),""),"")} | DQ14: {=IF($BO14<>"",IFERROR(AVERAGE(_xlfn._xlws.FILTER($BD:$BD,($BA:$BA=$BI14)*($BC:$BC=_xlfn.NUMBERVALUE($BO14)))),""),"")} | DR14: 0 | DS14: 0 | DT14: 0 | DU14: 0 | DX14: {=IF($BJ14<>"",IFERROR(AVERAGE(_xlfn._xlws.FILTER($BE:$BE,($BA:$BA=$BI14)*($BC:$BC=_xlfn.NUMBERVALUE($BJ14)))),""),"")} -> 0 | DY14: {=IF($BK14<>"",IFERROR(AVERAGE(_xlfn._xlws.FILTER($BE:$BE,($BA:$BA=$BI14)*($BC:$BC=_xlfn.NUMBERVALUE($BK14)))),""),"")} -> 0 | DZ14: {=IF($BL14<>"",IFERROR(AVERAGE(_xlfn._xlws.FILTER($BE:$BE,($BA:$BA=$BI14)*($BC:$BC=_xlfn.NUMBERVALUE($BL14)))),""),"")} -> 0 | EA14: {=IF($BM14<>"",IFERROR(AVERAGE(_xlfn._xlws.FILTER($BE:$BE,($BA:$BA=$BI14)*($BC:$BC=_xlfn.NUMBERVALUE($BM14)))),""),"")} -> 0 | EB14: {=IF($BN14<>"",IFERROR(AVERAGE(_xlfn._xlws.FILTER($BE:$BE,($BA:$BA=$BI14)*($BC:$BC=_xlfn.NUMBERVALUE($BN14)))),""),"")} | EC14: {=IF($BO14<>"",IFERROR(AVERAGE(_xlfn._xlws.FILTER($BE:$BE,($BA:$BA=$BI14)*($BC:$BC=_xlfn.NUMBERVALUE($BO14)))),""),"")}
A15: Valid | F15: 4 | G15: LOT0428 | H15: 45330 | I15: 6 | J15: 61 | K15: 6 | L15: {=COUNT(_xlfn._xlws.FILTER(BA:BA,(BA:BA=_xlfn.NUMBERVALUE(F15))*(BC:BC=_xlfn.NUMBERVALUE($C$2))*((BD:BD<$C$2+$D$2)*(BD:BD>$C$2-$D$2))))} -> 6 | M15: =IFERROR(L15/K15*100,"") -> 100 | N15: {=COUNT(_xlfn._xlws.FILTER(BA:BA,(BA:BA=_xlfn.NUMBERVALUE(F15))*(BC:BC=_xlfn.NUMBERVALUE($C$2))*((BD:BD>$C$2+$D$2)*(BD:BD<$C$2+2*$D$2)+(BD:BD<$C$2-$D$2)*(BD:BD>$C$2-2*$D$2))))} -> 0 | O15: =IFERROR(N15/K15*100,"") -> 0 | P15: {=COUNT(_xlfn._xlws.FILTER(BA:BA,(BA:BA=_xlfn.NUMBERVALUE(F15))*(BC:BC=_xlfn.NUMBERVALUE($C$2))*((BD:BD>$C$2+2*$D$2)*(BD:BD<$C$2+3*$D$2)+(BD:BD<$C$2-2*$D$2)*(BD:BD>$C$2-3*$D$2))))} -> 0 | Q15: =IFERROR(P15/K15*100,"") -> 0 | R15: {=COUNT(_xlfn._xlws.FILTER(BA:BA,(BA:BA=_xlfn.NUMBERVALUE(F15))*(BC:BC=_xlfn.NUMBERVALUE($C$2))*((BD:BD>$C$2+3*$D$2)+(BD:BD<$C$2-3*$D$2))))} -> 0 | S15: =IFERROR(R15/K15*100,"") -> 0 | T15: 17 | U15: {=COUNT(_xlfn._xlws.FILTER(BA:BA,(BA:BA=F15)*(BC:BC=_xlfn.NUMBERVALUE($C$3))*((BD:BD<=$C$3+$D$3)*(BD:BD>$C$3-$D$3))))} -> 17 | V15: =IFERROR(U15/T15*100,"") -> 100 | W15: {=COUNT(_xlfn._xlws.FILTER(BA:BA,(BA:BA=F15)*(BC:BC=_xlfn.NUMBERVALUE($C$3))*((BD:BD>$C$3+$D$3)*(BD:BD<$C$3+2*$D$3)+(BD:BD<$C$3-$D$3)*(BD:BD>$C$3-2*$D$3))))} -> 0 | X15: =IFERROR(W15/T15*100,"") -> 0 | Y15: {=COUNT(_xlfn._xlws.FILTER(BA:BA,(BA:BA=F15)*(BC:BC=_xlfn.NUMBERVALUE($C$3))*((BD:BD>$C$3+2*$D$3)*(BD:BD<$C$3+3*$D$3)+(BD:BD<$C$3-2*$D$3)*(BD:BD>$C$3-3*$D$3))))} -> 0 | Z15: =IFERROR(Y15/T15*100,"") -> 0 | AA15: {=COUNT(_xlfn._xlws.FILTER(BA:BA,(BA:BA=F15)*(BC:BC=_xlfn.NUMBERVALUE($C$3))*((BD:BD>=$C$3+3*$D$3)+(BD:BD<=$C$3-3*$D$3))))} -> 0 | AB15: =IFERROR(AA15/T15*100,"") -> 0 | AC15: 21 | AD15: {=COUNT(_xlfn._xlws.FILTER(BA:BA,(BA:BA=F15)*(BC:BC=_xlfn.NUMBERVALUE($C$4))*((BD:BD<=$C$4+$D$4)*(BD:BD>$C$4-$D$4))))} -> 10 | AE15: =IFERROR(AD15/AC15*100,"") -> 47.619048 | AF15: {=COUNT(_xlfn._xlws.FILTER(BA:BA,(BA:BA=F15)*(BC:BC=_xlfn.NUMBERVALUE($C$4))*((BD:BD>$C$4+$D$4)*(BD:BD<$C$4+2*$D$4)+(BD:BD<$C$4-$D$4)*(BD:BD>$C$4-2*$D$4))))} -> 11 | AG15: =IFERROR(AF15/AC15*100,"") -> 52.380952 | AH15: {=COUNT(_xlfn._xlws.FILTER(BA:BA,(BA:BA=F15)*(BC:BC=_xlfn.NUMBERVALUE($C$4))*((BD:BD>$C$4+2*$D$4)*(BD:BD<$C$4+3*$D$4)+(BD:BD<$C$4-2*$D$4)*(BD:BD>$C$4-3*$D$4))))} -> 0 | AI15: =IFERROR(AH15/AC15*100,"") -> 0 | AJ15: {=COUNT(_xlfn._xlws.FILTER(BA:BA,(BA:BA=F15)*(BC:BC=_xlfn.NUMBERVALUE($C$4))*((BD:BD>$C$4+3*$D$4)+(BD:BD<$C$4-3*$D$4))))} -> 0 | AK15: =IFERROR(AJ15/AC15*100,"") -> 0 | AL15: 17 | AM15: {=COUNT(_xlfn._xlws.FILTER(BA:BA,(BA:BA=F15)*(BC:BC=_xlfn.NUMBERVALUE($C$5))*((BD:BD<=$C$5+$D$5)*(BD:BD>$C$5-$D$5))))} -> 12 | AN15: =IFERROR(AM15/AL15*100,"") -> 70.588235 | AO15: {=COUNT(_xlfn._xlws.FILTER(BA:BA,(BA:BA=F15)*(BC:BC=_xlfn.NUMBERVALUE($C$5))*((BD:BD>$C$5+$D$5)*(BD:BD<$C$5+2*$D$5)+(BD:BD<$C$5-$D$5)*(BD:BD>$C$5-2*$D$5))))} -> 4 | AP15: =IFERROR(AO15/AL15*100,"") -> 23.529412 | AQ15: {=COUNT(_xlfn._xlws.FILTER(BA:BA,(BA:BA=F15)*(BC:BC=_xlfn.NUMBERVALUE($C$5))*((BD:BD>$C$5+2*$D$5)*(BD:BD<$C$5+3*$D$5)+(BD:BD<$C$5-2*$D$5)*(BD:BD>$C$5-3*$D$5))))} -> 1 | AR15: =IFERROR(AQ15/AL15*100,"") -> 5.8823529 | AS15: {=COUNT(_xlfn._xlws.FILTER(BA:BA,(BA:BA=F15)*(BC:BC=_xlfn.NUMBERVALUE($C$5))*((BD:BD>$C$5+3*$D$5)+(BD:BD<$C$5-3*$D$5))))} -> 0 | AT15: =IFERROR(AS15/AL15*100,"") -> 0 | AW15: 1.1 | AX15: 1.1 | AY15: R080_HI782-0_0.0_LOT0366_PWW49.1_QC.xlsx | AZ15: LOT0366 | BA15: 1 | BB15: P/Final | BC15: 35 | BD15: 39.8 | BE15: 0 | BF15: 0 | BG15: 45299 | BH15: LOT0652 | BI15: 14 | BJ15: 0 | BK15: 15 | BL15: 35 | BM15: 60 | BP15: 0 | BQ15: 14.64 | BR15: 35.376316 | BS15: 57.983784 | BV15: 0 | BW15: 0 | BX15: 0 | BY15: 0 | BZ15: 1 | CA15: 1 | CB15: 1 | CC15: 7.8975 | CD15: 1.3675 | CE15: 1.3675 | CF15: 1.3675 | CG15: 1.3675 | CH15: 1.3675 | CI15: 1.3675 | CJ15: 10.325 | CK15: 1.8575 | CL15: 1.8575 | CM15: 1.8575 | CN15: 1.8575 | CO15: 1.8575 | CP15: 1.8575 | CQ15: 12.0175 | CR15: 2.47 | CS15: 2.47 | CT15: 2.47 | CU15: 2.47 | CV15: 2.47 | CW15: 2.47 | CX15: -67.41 | CY15: 0 | CZ15: 0 | DA15: 0 | DB15: 0 | DC15: 0 | DD15: 0 | DE15: 0 | DF15: 0 | DG15: 0 | DH15: 0 | DI15: 0 | DJ15: 0 | DK15: 0 | DL15: {=IF($BJ15<>"",IFERROR(AVERAGE(_xlfn._xlws.FILTER($BD:$BD,($BA:$BA=$BI15)*($BC:$BC=_xlfn.NUMBERVALUE($BJ15)))),""),"")} -> 0 | DM15: {=IF($BK15<>"",IFERROR(AVERAGE(_xlfn._xlws.FILTER($BD:$BD,($BA:$BA=$BI15)*($BC:$BC=_xlfn.NUMBERVALUE($BK15)))),""),"")} -> 14.64 | DN15: {=IF($BL15<>"",IFERROR(AVERAGE(_xlfn._xlws.FILTER($BD:$BD,($BA:$BA=$BI15)*($BC:$BC=_xlfn.NUMBERVALUE($BL15)))),""),"")} -> 35.376316 | DO15: {=IF($BM15<>"",IFERROR(AVERAGE(_xlfn._xlws.FILTER($BD:$BD,($BA:$BA=$BI15)*($BC:$BC=_xlfn.NUMBERVALUE($BM15)))),""),"")} -> 57.983784 | DP15: {=IF($BN15<>"",IFERROR(AVERAGE(_xlfn._xlws.FILTER($BD:$BD,($BA:$BA=$BI15)*($BC:$BC=_xlfn.NUMBERVALUE($BN15)))),""),"")} | DQ15: {=IF($BO15<>"",IFERROR(AVERAGE(_xlfn._xlws.FILTER($BD:$BD,($BA:$BA=$BI15)*($BC:$BC=_xlfn.NUMBERVALUE($BO15)))),""),"")} | DR15: 0 | DS15: 0 | DT15: 0 | DU15: 0 | DX15: {=IF($BJ15<>"",IFERROR(AVERAGE(_xlfn._xlws.FILTER($BE:$BE,($BA:$BA=$BI15)*($BC:$BC=_xlfn.NUMBERVALUE($BJ15)))),""),"")} -> 0 | DY15: {=IF($BK15<>"",IFERROR(AVERAGE(_xlfn._xlws.FILTER($BE:$BE,($BA:$BA=$BI15)*($BC:$BC=_xlfn.NUMBERVALUE($BK15)))),""),"")} -> 0 | DZ15: {=IF($BL15<>"",IFERROR(AVERAGE(_xlfn._xlws.FILTER($BE:$BE,($BA:$BA=$BI15)*($BC:$BC=_xlfn.NUMBERVALUE($BL15)))),""),"")} -> 0 | EA15: {=IF($BM15<>"",IFERROR(AVERAGE(_xlfn._xlws.FILTER($BE:$BE,($BA:$BA=$BI15)*($BC:$BC=_xlfn.NUMBERVALUE($BM15)))),""),"")} -> 0 | EB15: {=IF($BN15<>"",IFERROR(AVERAGE(_xlfn._xlws.FILTER($BE:$BE,($BA:$BA=$BI15)*($BC:$BC=_xlfn.NUMBERVALUE($BN15)))),""),"")} | EC15: {=IF($BO15<>"",IFERROR(AVERAGE(_xlfn._xlws.FILTER($BE:$BE,($BA:$BA=$BI15)*($BC:$BC=_xlfn.NUMBERVALUE($BO15)))),""),"")}
F16: 5 | G16: LOT0450 | H16: 45352 | I16: 10 | J16: 73 | K16: 1 | L16: {=COUNT(_xlfn._xlws.FILTER(BA:BA,(BA:BA=_xlfn.NUMBERVALUE(F16))*(BC:BC=_xlfn.NUMBERVALUE($C$2))*((BD:BD<$C$2+$D$2)*(BD:BD>$C$2-$D$2))))} -> 1 | M16: =IFERROR(L16/K16*100,"") -> 100 | N16: {=COUNT(_xlfn._xlws.FILTER(BA:BA,(BA:BA=_xlfn.NUMBERVALUE(F16))*(BC:BC=_xlfn.NUMBERVALUE($C$2))*((BD:BD>$C$2+$D$2)*(BD:BD<$C$2+2*$D$2)+(BD:BD<$C$2-$D$2)*(BD:BD>$C$2-2*$D$2))))} -> 0 | O16: =IFERROR(N16/K16*100,"") -> 0 | P16: {=COUNT(_xlfn._xlws.FILTER(BA:BA,(BA:BA=_xlfn.NUMBERVALUE(F16))*(BC:BC=_xlfn.NUMBERVALUE($C$2))*((BD:BD>$C$2+2*$D$2)*(BD:BD<$C$2+3*$D$2)+(BD:BD<$C$2-2*$D$2)*(BD:BD>$C$2-3*$D$2))))} -> 0 | Q16: =IFERROR(P16/K16*100,"") -> 0 | R16: {=COUNT(_xlfn._xlws.FILTER(BA:BA,(BA:BA=_xlfn.NUMBERVALUE(F16))*(BC:BC=_xlfn.NUMBERVALUE($C$2))*((BD:BD>$C$2+3*$D$2)+(BD:BD<$C$2-3*$D$2))))} -> 0 | S16: =IFERROR(R16/K16*100,"") -> 0 | T16: 23 | U16: {=COUNT(_xlfn._xlws.FILTER(BA:BA,(BA:BA=F16)*(BC:BC=_xlfn.NUMBERVALUE($C$3))*((BD:BD<=$C$3+$D$3)*(BD:BD>$C$3-$D$3))))} -> 3 | V16: =IFERROR(U16/T16*100,"") -> 13.043478 | W16: {=COUNT(_xlfn._xlws.FILTER(BA:BA,(BA:BA=F16)*(BC:BC=_xlfn.NUMBERVALUE($C$3))*((BD:BD>$C$3+$D$3)*(BD:BD<$C$3+2*$D$3)+(BD:BD<$C$3-$D$3)*(BD:BD>$C$3-2*$D$3))))} -> 14 | X16: =IFERROR(W16/T16*100,"") -> 60.869565 | Y16: {=COUNT(_xlfn._xlws.FILTER(BA:BA,(BA:BA=F16)*(BC:BC=_xlfn.NUMBERVALUE($C$3))*((BD:BD>$C$3+2*$D$3)*(BD:BD<$C$3+3*$D$3)+(BD:BD<$C$3-2*$D$3)*(BD:BD>$C$3-3*$D$3))))} -> 6 | Z16: =IFERROR(Y16/T16*100,"") -> 26.086957 | AA16: {=COUNT(_xlfn._xlws.FILTER(BA:BA,(BA:BA=F16)*(BC:BC=_xlfn.NUMBERVALUE($C$3))*((BD:BD>=$C$3+3*$D$3)+(BD:BD<=$C$3-3*$D$3))))} -> 0 | AB16: =IFERROR(AA16/T16*100,"") -> 0 | AC16: 28 | AD16: {=COUNT(_xlfn._xlws.FILTER(BA:BA,(BA:BA=F16)*(BC:BC=_xlfn.NUMBERVALUE($C$4))*((BD:BD<=$C$4+$D$4)*(BD:BD>$C$4-$D$4))))} -> 5 | AE16: =IFERROR(AD16/AC16*100,"") -> 17.857143 | AF16: {=COUNT(_xlfn._xlws.FILTER(BA:BA,(BA:BA=F16)*(BC:BC=_xlfn.NUMBERVALUE($C$4))*((BD:BD>$C$4+$D$4)*(BD:BD<$C$4+2*$D$4)+(BD:BD<$C$4-$D$4)*(BD:BD>$C$4-2*$D$4))))} -> 17 | AG16: =IFERROR(AF16/AC16*100,"") -> 60.714286 | AH16: {=COUNT(_xlfn._xlws.FILTER(BA:BA,(BA:BA=F16)*(BC:BC=_xlfn.NUMBERVALUE($C$4))*((BD:BD>$C$4+2*$D$4)*(BD:BD<$C$4+3*$D$4)+(BD:BD<$C$4-2*$D$4)*(BD:BD>$C$4-3*$D$4))))} -> 2 | AI16: =IFERROR(AH16/AC16*100,"") -> 7.1428571 | AJ16: {=COUNT(_xlfn._xlws.FILTER(BA:BA,(BA:BA=F16)*(BC:BC=_xlfn.NUMBERVALUE($C$4))*((BD:BD>$C$4+3*$D$4)+(BD:BD<$C$4-3*$D$4))))} -> 4 | AK16: =IFERROR(AJ16/AC16*100,"") -> 14.285714 | AL16: 21 | AM16: {=COUNT(_xlfn._xlws.FILTER(BA:BA,(BA:BA=F16)*(BC:BC=_xlfn.NUMBERVALUE($C$5))*((BD:BD<=$C$5+$D$5)*(BD:BD>$C$5-$D$5))))} -> 13 | AN16: =IFERROR(AM16/AL16*100,"") -> 61.904762 | AO16: {=COUNT(_xlfn._xlws.FILTER(BA:BA,(BA:BA=F16)*(BC:BC=_xlfn.NUMBERVALUE($C$5))*((BD:BD>$C$5+$D$5)*(BD:BD<$C$5+2*$D$5)+(BD:BD<$C$5-$D$5)*(BD:BD>$C$5-2*$D$5))))} -> 7 | AP16: =IFERROR(AO16/AL16*100,"") -> 33.333333 | AQ16: {=COUNT(_xlfn._xlws.FILTER(BA:BA,(BA:BA=F16)*(BC:BC=_xlfn.NUMBERVALUE($C$5))*((BD:BD>$C$5+2*$D$5)*(BD:BD<$C$5+3*$D$5)+(BD:BD<$C$5-2*$D$5)*(BD:BD>$C$5-3*$D$5))))} -> 1 | AR16: =IFERROR(AQ16/AL16*100,"") -> 4.7619048 | AS16: {=COUNT(_xlfn._xlws.FILTER(BA:BA,(BA:BA=F16)*(BC:BC=_xlfn.NUMBERVALUE($C$5))*((BD:BD>$C$5+3*$D$5)+(BD:BD<$C$5-3*$D$5))))} -> 0 | AT16: =IFERROR(AS16/AL16*100,"") -> 0 | AW16: 1.1 | AX16: 1.1 | AY16: R080_HI782-0_0.0_LOT0366_PWW49.1_QC.xlsx | AZ16: LOT0366 | BA16: 1 | BB16: P/Final | BC16: 60 | BD16: 64.7 | BE16: 0 | BF16: 0 | BG16: 45299 | BH16: LOT0654 | BI16: 15 | BJ16: 0 | BK16: 15 | BL16: 35 | BM16: 60 | BP16: 0 | BQ16: 13.9 | BR16: 33.494737 | BS16: 56.776471 | BV16: 0 | BW16: 0 | BX16: 0 | BY16: 0 | BZ16: 1 | CA16: 1 | CB16: 1 | CC16: 7.8975 | CD16: 1.3675 | CE16: 1.3675 | CF16: 1.3675 | CG16: 1.3675 | CH16: 1.3675 | CI16: 1.3675 | CJ16: 10.325 | CK16: 1.8575 | CL16: 1.8575 | CM16: 1.8575 | CN16: 1.8575 | CO16: 1.8575 | CP16: 1.8575 | CQ16: 12.0175 | CR16: 2.47 | CS16: 2.47 | CT16: 2.47 | CU16: 2.47 | CV16: 2.47 | CW16: 2.47 | CX16: -67.41 | CY16: 0 | CZ16: 0 | DA16: 0 | DB16: 0 | DC16: 0 | DD16: 0 | DE16: 0 | DF16: 0 | DG16: 0 | DH16: 0 | DI16: 0 | DJ16: 0 | DK16: 0 | DL16: {=IF($BJ16<>"",IFERROR(AVERAGE(_xlfn._xlws.FILTER($BD:$BD,($BA:$BA=$BI16)*($BC:$BC=_xlfn.NUMBERVALUE($BJ16)))),""),"")} -> 0 | DM16: {=IF($BK16<>"",IFERROR(AVERAGE(_xlfn._xlws.FILTER($BD:$BD,($BA:$BA=$BI16)*($BC:$BC=_xlfn.NUMBERVALUE($BK16)))),""),"")} -> 13.9 | DN16: {=IF($BL16<>"",IFERROR(AVERAGE(_xlfn._xlws.FILTER($BD:$BD,($BA:$BA=$BI16)*($BC:$BC=_xlfn.NUMBERVALUE($BL16)))),""),"")} -> 33.494737 | DO16: {=IF($BM16<>"",IFERROR(AVERAGE(_xlfn._xlws.FILTER($BD:$BD,($BA:$BA=$BI16)*($BC:$BC=_xlfn.NUMBERVALUE($BM16)))),""),"")} -> 56.776471 | DP16: {=IF($BN16<>"",IFERROR(AVERAGE(_xlfn._xlws.FILTER($BD:$BD,($BA:$BA=$BI16)*($BC:$BC=_xlfn.NUMBERVALUE($BN16)))),""),"")} | DQ16: {=IF($BO16<>"",IFERROR(AVERAGE(_xlfn._xlws.FILTER($BD:$BD,($BA:$BA=$BI16)*($BC:$BC=_xlfn.NUMBERVALUE($BO16)))),""),"")} | DR16: 0 | DS16: 0 | DT16: 0 | DU16: 0 | DX16: {=IF($BJ16<>"",IFERROR(AVERAGE(_xlfn._xlws.FILTER($BE:$BE,($BA:$BA=$BI16)*($BC:$BC=_xlfn.NUMBERVALUE($BJ16)))),""),"")} -> 0 | DY16: {=IF($BK16<>"",IFERROR(AVERAGE(_xlfn._xlws.FILTER($BE:$BE,($BA:$BA=$BI16)*($BC:$BC=_xlfn.NUMBERVALUE($BK16)))),""),"")} -> 0 | DZ16: {=IF($BL16<>"",IFERROR(AVERAGE(_xlfn._xlws.FILTER($BE:$BE,($BA:$BA=$BI16)*($BC:$BC=_xlfn.NUMBERVALUE($BL16)))),""),"")} -> 0 | EA16: {=IF($BM16<>"",IFERROR(AVERAGE(_xlfn._xlws.FILTER($BE:$BE,($BA:$BA=$BI16)*($BC:$BC=_xlfn.NUMBERVALUE($BM16)))),""),"")} -> 0 | EB16: {=IF($BN16<>"",IFERROR(AVERAGE(_xlfn._xlws.FILTER($BE:$BE,($BA:$BA=$BI16)*($BC:$BC=_xlfn.NUMBERVALUE($BN16)))),""),"")} | EC16: {=IF($BO16<>"",IFERROR(AVERAGE(_xlfn._xlws.FILTER($BE:$BE,($BA:$BA=$BI16)*($BC:$BC=_xlfn.NUMBERVALUE($BO16)))),""),"")}
F17: 6 | G17: LOT0473 | H17: 45356 | I17: 10 | J17: 42 | K17: 2 | L17: {=COUNT(_xlfn._xlws.FILTER(BA:BA,(BA:BA=_xlfn.NUMBERVALUE(F17))*(BC:BC=_xlfn.NUMBERVALUE($C$2))*((BD:BD<$C$2+$D$2)*(BD:BD>$C$2-$D$2))))} -> 2 | M17: =IFERROR(L17/K17*100,"") -> 100 | N17: {=COUNT(_xlfn._xlws.FILTER(BA:BA,(BA:BA=_xlfn.NUMBERVALUE(F17))*(BC:BC=_xlfn.NUMBERVALUE($C$2))*((BD:BD>$C$2+$D$2)*(BD:BD<$C$2+2*$D$2)+(BD:BD<$C$2-$D$2)*(BD:BD>$C$2-2*$D$2))))} -> 0 | O17: =IFERROR(N17/K17*100,"") -> 0 | P17: {=COUNT(_xlfn._xlws.FILTER(BA:BA,(BA:BA=_xlfn.NUMBERVALUE(F17))*(BC:BC=_xlfn.NUMBERVALUE($C$2))*((BD:BD>$C$2+2*$D$2)*(BD:BD<$C$2+3*$D$2)+(BD:BD<$C$2-2*$D$2)*(BD:BD>$C$2-3*$D$2))))} -> 0 | Q17: =IFERROR(P17/K17*100,"") -> 0 | R17: {=COUNT(_xlfn._xlws.FILTER(BA:BA,(BA:BA=_xlfn.NUMBERVALUE(F17))*(BC:BC=_xlfn.NUMBERVALUE($C$2))*((BD:BD>$C$2+3*$D$2)+(BD:BD<$C$2-3*$D$2))))} -> 0 | S17: =IFERROR(R17/K17*100,"") -> 0 | T17: 13 | U17: {=COUNT(_xlfn._xlws.FILTER(BA:BA,(BA:BA=F17)*(BC:BC=_xlfn.NUMBERVALUE($C$3))*((BD:BD<=$C$3+$D$3)*(BD:BD>$C$3-$D$3))))} -> 9 | V17: =IFERROR(U17/T17*100,"") -> 69.230769 | W17: {=COUNT(_xlfn._xlws.FILTER(BA:BA,(BA:BA=F17)*(BC:BC=_xlfn.NUMBERVALUE($C$3))*((BD:BD>$C$3+$D$3)*(BD:BD<$C$3+2*$D$3)+(BD:BD<$C$3-$D$3)*(BD:BD>$C$3-2*$D$3))))} -> 4 | X17: =IFERROR(W17/T17*100,"") -> 30.769231 | Y17: {=COUNT(_xlfn._xlws.FILTER(BA:BA,(BA:BA=F17)*(BC:BC=_xlfn.NUMBERVALUE($C$3))*((BD:BD>$C$3+2*$D$3)*(BD:BD<$C$3+3*$D$3)+(BD:BD<$C$3-2*$D$3)*(BD:BD>$C$3-3*$D$3))))} -> 0 | Z17: =IFERROR(Y17/T17*100,"") -> 0 | AA17: {=COUNT(_xlfn._xlws.FILTER(BA:BA,(BA:BA=F17)*(BC:BC=_xlfn.NUMBERVALUE($C$3))*((BD:BD>=$C$3+3*$D$3)+(BD:BD<=$C$3-3*$D$3))))} -> 0 | AB17: =IFERROR(AA17/T17*100,"") -> 0 | AC17: 16 | AD17: {=COUNT(_xlfn._xlws.FILTER(BA:BA,(BA:BA=F17)*(BC:BC=_xlfn.NUMBERVALUE($C$4))*((BD:BD<=$C$4+$D$4)*(BD:BD>$C$4-$D$4))))} -> 7 | AE17: =IFERROR(AD17/AC17*100,"") -> 43.75 | AF17: {=COUNT(_xlfn._xlws.FILTER(BA:BA,(BA:BA=F17)*(BC:BC=_xlfn.NUMBERVALUE($C$4))*((BD:BD>$C$4+$D$4)*(BD:BD<$C$4+2*$D$4)+(BD:BD<$C$4-$D$4)*(BD:BD>$C$4-2*$D$4))))} -> 6 | AG17: =IFERROR(AF17/AC17*100,"") -> 37.5 | AH17: {=COUNT(_xlfn._xlws.FILTER(BA:BA,(BA:BA=F17)*(BC:BC=_xlfn.NUMBERVALUE($C$4))*((BD:BD>$C$4+2*$D$4)*(BD:BD<$C$4+3*$D$4)+(BD:BD<$C$4-2*$D$4)*(BD:BD>$C$4-3*$D$4))))} -> 3 | AI17: =IFERROR(AH17/AC17*100,"") -> 18.75 | AJ17: {=COUNT(_xlfn._xlws.FILTER(BA:BA,(BA:BA=F17)*(BC:BC=_xlfn.NUMBERVALUE($C$4))*((BD:BD>$C$4+3*$D$4)+(BD:BD<$C$4-3*$D$4))))} -> 0 | AK17: =IFERROR(AJ17/AC17*100,"") -> 0 | AL17: 11 | AM17: {=COUNT(_xlfn._xlws.FILTER(BA:BA,(BA:BA=F17)*(BC:BC=_xlfn.NUMBERVALUE($C$5))*((BD:BD<=$C$5+$D$5)*(BD:BD>$C$5-$D$5))))} -> 8 | AN17: =IFERROR(AM17/AL17*100,"") -> 72.727273 | AO17: {=COUNT(_xlfn._xlws.FILTER(BA:BA,(BA:BA=F17)*(BC:BC=_xlfn.NUMBERVALUE($C$5))*((BD:BD>$C$5+$D$5)*(BD:BD<$C$5+2*$D$5)+(BD:BD<$C$5-$D$5)*(BD:BD>$C$5-2*$D$5))))} -> 3 | AP17: =IFERROR(AO17/AL17*100,"") -> 27.272727 | AQ17: {=COUNT(_xlfn._xlws.FILTER(BA:BA,(BA:BA=F17)*(BC:BC=_xlfn.NUMBERVALUE($C$5))*((BD:BD>$C$5+2*$D$5)*(BD:BD<$C$5+3*$D$5)+(BD:BD<$C$5-2*$D$5)*(BD:BD>$C$5-3*$D$5))))} -> 0 | AR17: =IFERROR(AQ17/AL17*100,"") -> 0 | AS17: {=COUNT(_xlfn._xlws.FILTER(BA:BA,(BA:BA=F17)*(BC:BC=_xlfn.NUMBERVALUE($C$5))*((BD:BD>$C$5+3*$D$5)+(BD:BD<$C$5-3*$D$5))))} -> 0 | AT17: =IFERROR(AS17/AL17*100,"") -> 0 | AW17: 1.1 | AX17: 1.1 | AY17: R080_HI782-0_0.0_LOT0366_PWW49.1_QC.xlsx | AZ17: LOT0366 | BA17: 1 | BB17: P/Final | BC17: 60 | BD17: 64 | BE17: 0 | BF17: 0 | BG17: 45299 | BH17: LOT0667 | BI17: 16 | BJ17: 0 | BK17: 15 | BL17: 35 | BM17: 60 | BQ17: 13.023214 | BR17: 33.220896 | BS17: 55.375 | BV17: 0 | BW17: 0 | BX17: 0 | BY17: 0 | BZ17: 1 | CA17: 1 | CB17: 1 | CC17: 7.8975 | CD17: 1.3675 | CE17: 1.3675 | CF17: 1.3675 | CG17: 1.3675 | CH17: 1.3675 | CI17: 1.3675 | CJ17: 10.325 | CK17: 1.8575 | CL17: 1.8575 | CM17: 1.8575 | CN17: 1.8575 | CO17: 1.8575 | CP17: 1.8575 | CQ17: 12.0175 | CR17: 2.47 | CS17: 2.47 | CT17: 2.47 | CU17: 2.47 | CV17: 2.47 | CW17: 2.47 | CX17: -67.41 | CY17: 0 | CZ17: 0 | DA17: 0 | DB17: 0 | DC17: 0 | DD17: 0 | DE17: 0 | DF17: 0 | DG17: 0 | DH17: 0 | DI17: 0 | DJ17: 0 | DK17: 0 | DL17: {=IF($BJ17<>"",IFERROR(AVERAGE(_xlfn._xlws.FILTER($BD:$BD,($BA:$BA=$BI17)*($BC:$BC=_xlfn.NUMBERVALUE($BJ17)))),""),"")} | DM17: {=IF($BK17<>"",IFERROR(AVERAGE(_xlfn._xlws.FILTER($BD:$BD,($BA:$BA=$BI17)*($BC:$BC=_xlfn.NUMBERVALUE($BK17)))),""),"")} -> 13.023214 | DN17: {=IF($BL17<>"",IFERROR(AVERAGE(_xlfn._xlws.FILTER($BD:$BD,($BA:$BA=$BI17)*($BC:$BC=_xlfn.NUMBERVALUE($BL17)))),""),"")} -> 33.220896 | DO17: {=IF($BM17<>"",IFERROR(AVERAGE(_xlfn._xlws.FILTER($BD:$BD,($BA:$BA=$BI17)*($BC:$BC=_xlfn.NUMBERVALUE($BM17)))),""),"")} -> 55.375 | DP17: {=IF($BN17<>"",IFERROR(AVERAGE(_xlfn._xlws.FILTER($BD:$BD,($BA:$BA=$BI17)*($BC:$BC=_xlfn.NUMBERVALUE($BN17)))),""),"")} | DQ17: {=IF($BO17<>"",IFERROR(AVERAGE(_xlfn._xlws.FILTER($BD:$BD,($BA:$BA=$BI17)*($BC:$BC=_xlfn.NUMBERVALUE($BO17)))),""),"")} | DS17: 0 | DT17: 0 | DU17: 0 | DX17: {=IF($BJ17<>"",IFERROR(AVERAGE(_xlfn._xlws.FILTER($BE:$BE,($BA:$BA=$BI17)*($BC:$BC=_xlfn.NUMBERVALUE($BJ17)))),""),"")} | DY17: {=IF($BK17<>"",IFERROR(AVERAGE(_xlfn._xlws.FILTER($BE:$BE,($BA:$BA=$BI17)*($BC:$BC=_xlfn.NUMBERVALUE($BK17)))),""),"")} -> 0 | DZ17: {=IF($BL17<>"",IFERROR(AVERAGE(_xlfn._xlws.FILTER($BE:$BE,($BA:$BA=$BI17)*($BC:$BC=_xlfn.NUMBERVALUE($BL17)))),""),"")} -> 0 | EA17: {=IF($BM17<>"",IFERROR(AVERAGE(_xlfn._xlws.FILTER($BE:$BE,($BA:$BA=$BI17)*($BC:$BC=_xlfn.NUMBERVALUE($BM17)))),""),"")} -> 0 | EB17: {=IF($BN17<>"",IFERROR(AVERAGE(_xlfn._xlws.FILTER($BE:$BE,($BA:$BA=$BI17)*($BC:$BC=_xlfn.NUMBERVALUE($BN17)))),""),"")} | EC17: {=IF($BO17<>"",IFERROR(AVERAGE(_xlfn._xlws.FILTER($BE:$BE,($BA:$BA=$BI17)*($BC:$BC=_xlfn.NUMBERVALUE($BO17)))),""),"")}
F18: 7 | G18: LOT0504 | H18: 45366 | I18: 12 | J18: 64 | K18: 1 | L18: {=COUNT(_xlfn._xlws.FILTER(BA:BA,(BA:BA=_xlfn.NUMBERVALUE(F18))*(BC:BC=_xlfn.NUMBERVALUE($C$2))*((BD:BD<$C$2+$D$2)*(BD:BD>$C$2-$D$2))))} -> 1 | M18: =IFERROR(L18/K18*100,"") -> 100 | N18: {=COUNT(_xlfn._xlws.FILTER(BA:BA,(BA:BA=_xlfn.NUMBERVALUE(F18))*(BC:BC=_xlfn.NUMBERVALUE($C$2))*((BD:BD>$C$2+$D$2)*(BD:BD<$C$2+2*$D$2)+(BD:BD<$C$2-$D$2)*(BD:BD>$C$2-2*$D$2))))} -> 0 | O18: =IFERROR(N18/K18*100,"") -> 0 | P18: {=COUNT(_xlfn._xlws.FILTER(BA:BA,(BA:BA=_xlfn.NUMBERVALUE(F18))*(BC:BC=_xlfn.NUMBERVALUE($C$2))*((BD:BD>$C$2+2*$D$2)*(BD:BD<$C$2+3*$D$2)+(BD:BD<$C$2-2*$D$2)*(BD:BD>$C$2-3*$D$2))))} -> 0 | Q18: =IFERROR(P18/K18*100,"") -> 0 | R18: {=COUNT(_xlfn._xlws.FILTER(BA:BA,(BA:BA=_xlfn.NUMBERVALUE(F18))*(BC:BC=_xlfn.NUMBERVALUE($C$2))*((BD:BD>$C$2+3*$D$2)+(BD:BD<$C$2-3*$D$2))))} -> 0 | S18: =IFERROR(R18/K18*100,"") -> 0 | T18: 19 | U18: {=COUNT(_xlfn._xlws.FILTER(BA:BA,(BA:BA=F18)*(BC:BC=_xlfn.NUMBERVALUE($C$3))*((BD:BD<=$C$3+$D$3)*(BD:BD>$C$3-$D$3))))} -> 6 | V18: =IFERROR(U18/T18*100,"") -> 31.578947 | W18: {=COUNT(_xlfn._xlws.FILTER(BA:BA,(BA:BA=F18)*(BC:BC=_xlfn.NUMBERVALUE($C$3))*((BD:BD>$C$3+$D$3)*(BD:BD<$C$3+2*$D$3)+(BD:BD<$C$3-$D$3)*(BD:BD>$C$3-2*$D$3))))} -> 13 | X18: =IFERROR(W18/T18*100,"") -> 68.421053 | Y18: {=COUNT(_xlfn._xlws.FILTER(BA:BA,(BA:BA=F18)*(BC:BC=_xlfn.NUMBERVALUE($C$3))*((BD:BD>$C$3+2*$D$3)*(BD:BD<$C$3+3*$D$3)+(BD:BD<$C$3-2*$D$3)*(BD:BD>$C$3-3*$D$3))))} -> 0 | Z18: =IFERROR(Y18/T18*100,"") -> 0 | AA18: {=COUNT(_xlfn._xlws.FILTER(BA:BA,(BA:BA=F18)*(BC:BC=_xlfn.NUMBERVALUE($C$3))*((BD:BD>=$C$3+3*$D$3)+(BD:BD<=$C$3-3*$D$3))))} -> 0 | AB18: =IFERROR(AA18/T18*100,"") -> 0 | AC18: 23 | AD18: {=COUNT(_xlfn._xlws.FILTER(BA:BA,(BA:BA=F18)*(BC:BC=_xlfn.NUMBERVALUE($C$4))*((BD:BD<=$C$4+$D$4)*(BD:BD>$C$4-$D$4))))} -> 2 | AE18: =IFERROR(AD18/AC18*100,"") -> 8.6956522 | AF18: {=COUNT(_xlfn._xlws.FILTER(BA:BA,(BA:BA=F18)*(BC:BC=_xlfn.NUMBERVALUE($C$4))*((BD:BD>$C$4+$D$4)*(BD:BD<$C$4+2*$D$4)+(BD:BD<$C$4-$D$4)*(BD:BD>$C$4-2*$D$4))))} -> 20 | AG18: =IFERROR(AF18/AC18*100,"") -> 86.956522 | AH18: {=COUNT(_xlfn._xlws.FILTER(BA:BA,(BA:BA=F18)*(BC:BC=_xlfn.NUMBERVALUE($C$4))*((BD:BD>$C$4+2*$D$4)*(BD:BD<$C$4+3*$D$4)+(BD:BD<$C$4-2*$D$4)*(BD:BD>$C$4-3*$D$4))))} -> 1 | AI18: =IFERROR(AH18/AC18*100,"") -> 4.3478261 | AJ18: {=COUNT(_xlfn._xlws.FILTER(BA:BA,(BA:BA=F18)*(BC:BC=_xlfn.NUMBERVALUE($C$4))*((BD:BD>$C$4+3*$D$4)+(BD:BD<$C$4-3*$D$4))))} -> 0 | AK18: =IFERROR(AJ18/AC18*100,"") -> 0 | AL18: 21 | AM18: {=COUNT(_xlfn._xlws.FILTER(BA:BA,(BA:BA=F18)*(BC:BC=_xlfn.NUMBERVALUE($C$5))*((BD:BD<=$C$5+$D$5)*(BD:BD>$C$5-$D$5))))} -> 12 | AN18: =IFERROR(AM18/AL18*100,"") -> 57.142857 | AO18: {=COUNT(_xlfn._xlws.FILTER(BA:BA,(BA:BA=F18)*(BC:BC=_xlfn.NUMBERVALUE($C$5))*((BD:BD>$C$5+$D$5)*(BD:BD<$C$5+2*$D$5)+(BD:BD<$C$5-$D$5)*(BD:BD>$C$5-2*$D$5))))} -> 9 | AP18: =IFERROR(AO18/AL18*100,"") -> 42.857143 | AQ18: {=COUNT(_xlfn._xlws.FILTER(BA:BA,(BA:BA=F18)*(BC:BC=_xlfn.NUMBERVALUE($C$5))*((BD:BD>$C$5+2*$D$5)*(BD:BD<$C$5+3*$D$5)+(BD:BD<$C$5-2*$D$5)*(BD:BD>$C$5-3*$D$5))))} -> 0 | AR18: =IFERROR(AQ18/AL18*100,"") -> 0 | AS18: {=COUNT(_xlfn._xlws.FILTER(BA:BA,(BA:BA=F18)*(BC:BC=_xlfn.NUMBERVALUE($C$5))*((BD:BD>$C$5+3*$D$5)+(BD:BD<$C$5-3*$D$5))))} -> 0 | AT18: =IFERROR(AS18/AL18*100,"") -> 0 | AW18: 1.1 | AX18: 1.1 | AY18: R080_HI782-0_0.0_LOT0366_PWW49.1_QC.xlsx | AZ18: LOT0366 | BA18: 1 | BB18: P/Final | BC18: 60 | BD18: 63.9 | BE18: 0 | BF18: 0 | BG18: 45299 | BH18: LOT0689 | BI18: 17 | BJ18: 0 | BK18: 15 | BL18: 35 | BM18: 60 | BP18: 0 | BQ18: 14.815385 | BR18: 35.12 | BS18: 57.818519 | BV18: 0 | BW18: 0 | BX18: 0 | BY18: 0 | BZ18: 1 | CA18: 1 | CB18: 1 | CC18: 7.8975 | CD18: 1.3675 | CE18: 1.3675 | CF18: 1.3675 | CG18: 1.3675 | CH18: 1.3675 | CI18: 1.3675 | CJ18: 10.325 | CK18: 1.8575 | CL18: 1.8575 | CM18: 1.8575 | CN18: 1.8575 | CO18: 1.8575 | CP18: 1.8575 | CQ18: 12.0175 | CR18: 2.47 | CS18: 2.47 | CT18: 2.47 | CU18: 2.47 | CV18: 2.47 | CW18: 2.47 | CX18: -67.41 | CY18: 0 | CZ18: 0 | DA18: 0 | DB18: 0 | DC18: 0 | DD18: 0 | DE18: 0 | DF18: 0 | DG18: 0 | DH18: 0 | DI18: 0 | DJ18: 0 | DK18: 0 | DL18: {=IF($BJ18<>"",IFERROR(AVERAGE(_xlfn._xlws.FILTER($BD:$BD,($BA:$BA=$BI18)*($BC:$BC=_xlfn.NUMBERVALUE($BJ18)))),""),"")} -> 0 | DM18: {=IF($BK18<>"",IFERROR(AVERAGE(_xlfn._xlws.FILTER($BD:$BD,($BA:$BA=$BI18)*($BC:$BC=_xlfn.NUMBERVALUE($BK18)))),""),"")} -> 14.815385 | DN18: {=IF($BL18<>"",IFERROR(AVERAGE(_xlfn._xlws.FILTER($BD:$BD,($BA:$BA=$BI18)*($BC:$BC=_xlfn.NUMBERVALUE($BL18)))),""),"")} -> 35.12 | DO18: {=IF($BM18<>"",IFERROR(AVERAGE(_xlfn._xlws.FILTER($BD:$BD,($BA:$BA=$BI18)*($BC:$BC=_xlfn.NUMBERVALUE($BM18)))),""),"")} -> 57.818519 | DP18: {=IF($BN18<>"",IFERROR(AVERAGE(_xlfn._xlws.FILTER($BD:$BD,($BA:$BA=$BI18)*($BC:$BC=_xlfn.NUMBERVALUE($BN18)))),""),"")} | DQ18: {=IF($BO18<>"",IFERROR(AVERAGE(_xlfn._xlws.FILTER($BD:$BD,($BA:$BA=$BI18)*($BC:$BC=_xlfn.NUMBERVALUE($BO18)))),""),"")} | DR18: 0 | DS18: 0 | DT18: 0 | DU18: 0 | DX18: {=IF($BJ18<>"",IFERROR(AVERAGE(_xlfn._xlws.FILTER($BE:$BE,($BA:$BA=$BI18)*($BC:$BC=_xlfn.NUMBERVALUE($BJ18)))),""),"")} -> 0 | DY18: {=IF($BK18<>"",IFERROR(AVERAGE(_xlfn._xlws.FILTER($BE:$BE,($BA:$BA=$BI18)*($BC:$BC=_xlfn.NUMBERVALUE($BK18)))),""),"")} -> 0 | DZ18: {=IF($BL18<>"",IFERROR(AVERAGE(_xlfn._xlws.FILTER($BE:$BE,($BA:$BA=$BI18)*($BC:$BC=_xlfn.NUMBERVALUE($BL18)))),""),"")} -> 0 | EA18: {=IF($BM18<>"",IFERROR(AVERAGE(_xlfn._xlws.FILTER($BE:$BE,($BA:$BA=$BI18)*($BC:$BC=_xlfn.NUMBERVALUE($BM18)))),""),"")} -> 0 | EB18: {=IF($BN18<>"",IFERROR(AVERAGE(_xlfn._xlws.FILTER($BE:$BE,($BA:$BA=$BI18)*($BC:$BC=_xlfn.NUMBERVALUE($BN18)))),""),"")} | EC18: {=IF($BO18<>"",IFERROR(AVERAGE(_xlfn._xlws.FILTER($BE:$BE,($BA:$BA=$BI18)*($BC:$BC=_xlfn.NUMBERVALUE($BO18)))),""),"")}
F19: 8 | G19: LOT0512 | H19: 45372 | I19: 12 | J19: 32 | K19: 2 | L19: {=COUNT(_xlfn._xlws.FILTER(BA:BA,(BA:BA=_xlfn.NUMBERVALUE(F19))*(BC:BC=_xlfn.NUMBERVALUE($C$2))*((BD:BD<$C$2+$D$2)*(BD:BD>$C$2-$D$2))))} -> 2 | M19: =IFERROR(L19/K19*100,"") -> 100 | N19: {=COUNT(_xlfn._xlws.FILTER(BA:BA,(BA:BA=_xlfn.NUMBERVALUE(F19))*(BC:BC=_xlfn.NUMBERVALUE($C$2))*((BD:BD>$C$2+$D$2)*(BD:BD<$C$2+2*$D$2)+(BD:BD<$C$2-$D$2)*(BD:BD>$C$2-2*$D$2))))} -> 0 | O19: =IFERROR(N19/K19*100,"") -> 0 | P19: {=COUNT(_xlfn._xlws.FILTER(BA:BA,(BA:BA=_xlfn.NUMBERVALUE(F19))*(BC:BC=_xlfn.NUMBERVALUE($C$2))*((BD:BD>$C$2+2*$D$2)*(BD:BD<$C$2+3*$D$2)+(BD:BD<$C$2-2*$D$2)*(BD:BD>$C$2-3*$D$2))))} -> 0 | Q19: =IFERROR(P19/K19*100,"") -> 0 | R19: {=COUNT(_xlfn._xlws.FILTER(BA:BA,(BA:BA=_xlfn.NUMBERVALUE(F19))*(BC:BC=_xlfn.NUMBERVALUE($C$2))*((BD:BD>$C$2+3*$D$2)+(BD:BD<$C$2-3*$D$2))))} -> 0 | S19: =IFERROR(R19/K19*100,"") -> 0 | T19: 10 | U19: {=COUNT(_xlfn._xlws.FILTER(BA:BA,(BA:BA=F19)*(BC:BC=_xlfn.NUMBERVALUE($C$3))*((BD:BD<=$C$3+$D$3)*(BD:BD>$C$3-$D$3))))} -> 6 | V19: =IFERROR(U19/T19*100,"") -> 60 | W19: {=COUNT(_xlfn._xlws.FILTER(BA:BA,(BA:BA=F19)*(BC:BC=_xlfn.NUMBERVALUE($C$3))*((BD:BD>$C$3+$D$3)*(BD:BD<$C$3+2*$D$3)+(BD:BD<$C$3-$D$3)*(BD:BD>$C$3-2*$D$3))))} -> 4 | X19: =IFERROR(W19/T19*100,"") -> 40 | Y19: {=COUNT(_xlfn._xlws.FILTER(BA:BA,(BA:BA=F19)*(BC:BC=_xlfn.NUMBERVALUE($C$3))*((BD:BD>$C$3+2*$D$3)*(BD:BD<$C$3+3*$D$3)+(BD:BD<$C$3-2*$D$3)*(BD:BD>$C$3-3*$D$3))))} -> 0 | Z19: =IFERROR(Y19/T19*100,"") -> 0 | AA19: {=COUNT(_xlfn._xlws.FILTER(BA:BA,(BA:BA=F19)*(BC:BC=_xlfn.NUMBERVALUE($C$3))*((BD:BD>=$C$3+3*$D$3)+(BD:BD<=$C$3-3*$D$3))))} -> 0 | AB19: =IFERROR(AA19/T19*100,"") -> 0 | AC19: 10 | AD19: {=COUNT(_xlfn._xlws.FILTER(BA:BA,(BA:BA=F19)*(BC:BC=_xlfn.NUMBERVALUE($C$4))*((BD:BD<=$C$4+$D$4)*(BD:BD>$C$4-$D$4))))} -> 0 | AE19: =IFERROR(AD19/AC19*100,"") -> 0 | AF19: {=COUNT(_xlfn._xlws.FILTER(BA:BA,(BA:BA=F19)*(BC:BC=_xlfn.NUMBERVALUE($C$4))*((BD:BD>$C$4+$D$4)*(BD:BD<$C$4+2*$D$4)+(BD:BD<$C$4-$D$4)*(BD:BD>$C$4-2*$D$4))))} -> 10 | AG19: =IFERROR(AF19/AC19*100,"") -> 100 | AH19: {=COUNT(_xlfn._xlws.FILTER(BA:BA,(BA:BA=F19)*(BC:BC=_xlfn.NUMBERVALUE($C$4))*((BD:BD>$C$4+2*$D$4)*(BD:BD<$C$4+3*$D$4)+(BD:BD<$C$4-2*$D$4)*(BD:BD>$C$4-3*$D$4))))} -> 0 | AI19: =IFERROR(AH19/AC19*100,"") -> 0 | AJ19: {=COUNT(_xlfn._xlws.FILTER(BA:BA,(BA:BA=F19)*(BC:BC=_xlfn.NUMBERVALUE($C$4))*((BD:BD>$C$4+3*$D$4)+(BD:BD<$C$4-3*$D$4))))} -> 0 | AK19: =IFERROR(AJ19/AC19*100,"") -> 0 | AL19: 10 | AM19: {=COUNT(_xlfn._xlws.FILTER(BA:BA,(BA:BA=F19)*(BC:BC=_xlfn.NUMBERVALUE($C$5))*((BD:BD<=$C$5+$D$5)*(BD:BD>$C$5-$D$5))))} -> 3 | AN19: =IFERROR(AM19/AL19*100,"") -> 30 | AO19: {=COUNT(_xlfn._xlws.FILTER(BA:BA,(BA:BA=F19)*(BC:BC=_xlfn.NUMBERVALUE($C$5))*((BD:BD>$C$5+$D$5)*(BD:BD<$C$5+2*$D$5)+(BD:BD<$C$5-$D$5)*(BD:BD>$C$5-2*$D$5))))} -> 7 | AP19: =IFERROR(AO19/AL19*100,"") -> 70 | AQ19: {=COUNT(_xlfn._xlws.FILTER(BA:BA,(BA:BA=F19)*(BC:BC=_xlfn.NUMBERVALUE($C$5))*((BD:BD>$C$5+2*$D$5)*(BD:BD<$C$5+3*$D$5)+(BD:BD<$C$5-2*$D$5)*(BD:BD>$C$5-3*$D$5))))} -> 0 | AR19: =IFERROR(AQ19/AL19*100,"") -> 0 | AS19: {=COUNT(_xlfn._xlws.FILTER(BA:BA,(BA:BA=F19)*(BC:BC=_xlfn.NUMBERVALUE($C$5))*((BD:BD>$C$5+3*$D$5)+(BD:BD<$C$5-3*$D$5))))} -> 0 | AT19: =IFERROR(AS19/AL19*100,"") -> 0 | AW19: 1.1 | AX19: 1.1 | AY19: R080_HI782-0_0.0_LOT0366_PWW49.1_QC.xlsx | AZ19: LOT0366 | BA19: 1 | BB19: P/Final | BC19: 60 | BD19: 65.1 | BE19: 0 | BF19: 0 | BG19: 45299 | BH19: LOT0696 | BI19: 18 | BJ19: 0 | BK19: 15 | BL19: 35 | BM19: 60 | BP19: 0 | BQ19: 15.385417 | BR19: 36.2 | BS19: 59.87234 | BV19: 0 | BW19: 0 | BX19: 0 | BY19: 0 | BZ19: 1 | CA19: 1 | CB19: 1 | CC19: 7.8975 | CD19: 1.3675 | CE19: 1.3675 | CF19: 1.3675 | CG19: 1.3675 | CH19: 1.3675 | CI19: 1.3675 | CJ19: 10.325 | CK19: 1.8575 | CL19: 1.8575 | CM19: 1.8575 | CN19: 1.8575 | CO19: 1.8575 | CP19: 1.8575 | CQ19: 12.0175 | CR19: 2.47 | CS19: 2.47 | CT19: 2.47 | CU19: 2.47 | CV19: 2.47 | CW19: 2.47 | CX19: -67.41 | CY19: 0 | CZ19: 0 | DA19: 0 | DB19: 0 | DC19: 0 | DD19: 0 | DE19: 0 | DF19: 0 | DG19: 0 | DH19: 0 | DI19: 0 | DJ19: 0 | DK19: 0 | DL19: {=IF($BJ19<>"",IFERROR(AVERAGE(_xlfn._xlws.FILTER($BD:$BD,($BA:$BA=$BI19)*($BC:$BC=_xlfn.NUMBERVALUE($BJ19)))),""),"")} -> 0 | DM19: {=IF($BK19<>"",IFERROR(AVERAGE(_xlfn._xlws.FILTER($BD:$BD,($BA:$BA=$BI19)*($BC:$BC=_xlfn.NUMBERVALUE($BK19)))),""),"")} -> 15.385417 | DN19: {=IF($BL19<>"",IFERROR(AVERAGE(_xlfn._xlws.FILTER($BD:$BD,($BA:$BA=$BI19)*($BC:$BC=_xlfn.NUMBERVALUE($BL19)))),""),"")} -> 36.2 | DO19: {=IF($BM19<>"",IFERROR(AVERAGE(_xlfn._xlws.FILTER($BD:$BD,($BA:$BA=$BI19)*($BC:$BC=_xlfn.NUMBERVALUE($BM19)))),""),"")} -> 59.87234 | DP19: {=IF($BN19<>"",IFERROR(AVERAGE(_xlfn._xlws.FILTER($BD:$BD,($BA:$BA=$BI19)*($BC:$BC=_xlfn.NUMBERVALUE($BN19)))),""),"")} | DQ19: {=IF($BO19<>"",IFERROR(AVERAGE(_xlfn._xlws.FILTER($BD:$BD,($BA:$BA=$BI19)*($BC:$BC=_xlfn.NUMBERVALUE($BO19)))),""),"")} | DR19: 0 | DS19: 0 | DT19: 0 | DU19: 0 | DX19: {=IF($BJ19<>"",IFERROR(AVERAGE(_xlfn._xlws.FILTER($BE:$BE,($BA:$BA=$BI19)*($BC:$BC=_xlfn.NUMBERVALUE($BJ19)))),""),"")} -> 0 | DY19: {=IF($BK19<>"",IFERROR(AVERAGE(_xlfn._xlws.FILTER($BE:$BE,($BA:$BA=$BI19)*($BC:$BC=_xlfn.NUMBERVALUE($BK19)))),""),"")} -> 0 | DZ19: {=IF($BL19<>"",IFERROR(AVERAGE(_xlfn._xlws.FILTER($BE:$BE,($BA:$BA=$BI19)*($BC:$BC=_xlfn.NUMBERVALUE($BL19)))),""),"")} -> 0 | EA19: {=IF($BM19<>"",IFERROR(AVERAGE(_xlfn._xlws.FILTER($BE:$BE,($BA:$BA=$BI19)*($BC:$BC=_xlfn.NUMBERVALUE($BM19)))),""),"")} -> 0 | EB19: {=IF($BN19<>"",IFERROR(AVERAGE(_xlfn._xlws.FILTER($BE:$BE,($BA:$BA=$BI19)*($BC:$BC=_xlfn.NUMBERVALUE($BN19)))),""),"")} | EC19: {=IF($BO19<>"",IFERROR(AVERAGE(_xlfn._xlws.FILTER($BE:$BE,($BA:$BA=$BI19)*($BC:$BC=_xlfn.NUMBERVALUE($BO19)))),""),"")}
F20: 9 | G20: LOT0548 | H20: 45400 | I20: 16 | J20: 72 | K20: 6 | L20: {=COUNT(_xlfn._xlws.FILTER(BA:BA,(BA:BA=_xlfn.NUMBERVALUE(F20))*(BC:BC=_xlfn.NUMBERVALUE($C$2))*((BD:BD<$C$2+$D$2)*(BD:BD>$C$2-$D$2))))} -> 6 | M20: =IFERROR(L20/K20*100,"") -> 100 | N20: {=COUNT(_xlfn._xlws.FILTER(BA:BA,(BA:BA=_xlfn.NUMBERVALUE(F20))*(BC:BC=_xlfn.NUMBERVALUE($C$2))*((BD:BD>$C$2+$D$2)*(BD:BD<$C$2+2*$D$2)+(BD:BD<$C$2-$D$2)*(BD:BD>$C$2-2*$D$2))))} -> 0 | O20: =IFERROR(N20/K20*100,"") -> 0 | P20: {=COUNT(_xlfn._xlws.FILTER(BA:BA,(BA:BA=_xlfn.NUMBERVALUE(F20))*(BC:BC=_xlfn.NUMBERVALUE($C$2))*((BD:BD>$C$2+2*$D$2)*(BD:BD<$C$2+3*$D$2)+(BD:BD<$C$2-2*$D$2)*(BD:BD>$C$2-3*$D$2))))} -> 0 | Q20: =IFERROR(P20/K20*100,"") -> 0 | R20: {=COUNT(_xlfn._xlws.FILTER(BA:BA,(BA:BA=_xlfn.NUMBERVALUE(F20))*(BC:BC=_xlfn.NUMBERVALUE($C$2))*((BD:BD>$C$2+3*$D$2)+(BD:BD<$C$2-3*$D$2))))} -> 0 | S20: =IFERROR(R20/K20*100,"") -> 0 | T20: 19 | U20: {=COUNT(_xlfn._xlws.FILTER(BA:BA,(BA:BA=F20)*(BC:BC=_xlfn.NUMBERVALUE($C$3))*((BD:BD<=$C$3+$D$3)*(BD:BD>$C$3-$D$3))))} -> 10 | V20: =IFERROR(U20/T20*100,"") -> 52.631579 | W20: {=COUNT(_xlfn._xlws.FILTER(BA:BA,(BA:BA=F20)*(BC:BC=_xlfn.NUMBERVALUE($C$3))*((BD:BD>$C$3+$D$3)*(BD:BD<$C$3+2*$D$3)+(BD:BD<$C$3-$D$3)*(BD:BD>$C$3-2*$D$3))))} -> 8 | X20: =IFERROR(W20/T20*100,"") -> 42.105263 | Y20: {=COUNT(_xlfn._xlws.FILTER(BA:BA,(BA:BA=F20)*(BC:BC=_xlfn.NUMBERVALUE($C$3))*((BD:BD>$C$3+2*$D$3)*(BD:BD<$C$3+3*$D$3)+(BD:BD<$C$3-2*$D$3)*(BD:BD>$C$3-3*$D$3))))} -> 1 | Z20: =IFERROR(Y20/T20*100,"") -> 5.2631579 | AA20: {=COUNT(_xlfn._xlws.FILTER(BA:BA,(BA:BA=F20)*(BC:BC=_xlfn.NUMBERVALUE($C$3))*((BD:BD>=$C$3+3*$D$3)+(BD:BD<=$C$3-3*$D$3))))} -> 0 | AB20: =IFERROR(AA20/T20*100,"") -> 0 | AC20: 28 | AD20: {=COUNT(_xlfn._xlws.FILTER(BA:BA,(BA:BA=F20)*(BC:BC=_xlfn.NUMBERVALUE($C$4))*((BD:BD<=$C$4+$D$4)*(BD:BD>$C$4-$D$4))))} -> 12 | AE20: =IFERROR(AD20/AC20*100,"") -> 42.857143 | AF20: {=COUNT(_xlfn._xlws.FILTER(BA:BA,(BA:BA=F20)*(BC:BC=_xlfn.NUMBERVALUE($C$4))*((BD:BD>$C$4+$D$4)*(BD:BD<$C$4+2*$D$4)+(BD:BD<$C$4-$D$4)*(BD:BD>$C$4-2*$D$4))))} -> 16 | AG20: =IFERROR(AF20/AC20*100,"") -> 57.142857 | AH20: {=COUNT(_xlfn._xlws.FILTER(BA:BA,(BA:BA=F20)*(BC:BC=_xlfn.NUMBERVALUE($C$4))*((BD:BD>$C$4+2*$D$4)*(BD:BD<$C$4+3*$D$4)+(BD:BD<$C$4-2*$D$4)*(BD:BD>$C$4-3*$D$4))))} -> 0 | AI20: =IFERROR(AH20/AC20*100,"") -> 0 | AJ20: {=COUNT(_xlfn._xlws.FILTER(BA:BA,(BA:BA=F20)*(BC:BC=_xlfn.NUMBERVALUE($C$4))*((BD:BD>$C$4+3*$D$4)+(BD:BD<$C$4-3*$D$4))))} -> 0 | AK20: =IFERROR(AJ20/AC20*100,"") -> 0 | AL20: 19 | AM20: {=COUNT(_xlfn._xlws.FILTER(BA:BA,(BA:BA=F20)*(BC:BC=_xlfn.NUMBERVALUE($C$5))*((BD:BD<=$C$5+$D$5)*(BD:BD>$C$5-$D$5))))} -> 14 | AN20: =IFERROR(AM20/AL20*100,"") -> 73.684211 | AO20: {=COUNT(_xlfn._xlws.FILTER(BA:BA,(BA:BA=F20)*(BC:BC=_xlfn.NUMBERVALUE($C$5))*((BD:BD>$C$5+$D$5)*(BD:BD<$C$5+2*$D$5)+(BD:BD<$C$5-$D$5)*(BD:BD>$C$5-2*$D$5))))} -> 5 | AP20: =IFERROR(AO20/AL20*100,"") -> 26.315789 | AQ20: {=COUNT(_xlfn._xlws.FILTER(BA:BA,(BA:BA=F20)*(BC:BC=_xlfn.NUMBERVALUE($C$5))*((BD:BD>$C$5+2*$D$5)*(BD:BD<$C$5+3*$D$5)+(BD:BD<$C$5-2*$D$5)*(BD:BD>$C$5-3*$D$5))))} -> 0 | AR20: =IFERROR(AQ20/AL20*100,"") -> 0 | AS20: {=COUNT(_xlfn._xlws.FILTER(BA:BA,(BA:BA=F20)*(BC:BC=_xlfn.NUMBERVALUE($C$5))*((BD:BD>$C$5+3*$D$5)+(BD:BD<$C$5-3*$D$5))))} -> 0 | AT20: =IFERROR(AS20/AL20*100,"") -> 0 | AW20: 1.1 | AX20: 1.1 | AY20: R080_HI782-0_0.0_LOT0366_PWW49.1_QC.xlsx | AZ20: LOT0366 | BA20: 1 | BB20: P/Final | BC20: 60 | BD20: 64.6 | BE20: 0 | BF20: 0 | BG20: 45299 | BH20: LOT0800 | BI20: 19 | BJ20: 0 | BK20: 15 | BL20: 35 | BM20: 60 | BP20: 0 | BQ20: 13.8375 | BR20: 32.736 | BS20: 56.071429 | BV20: 0 | BW20: 0 | BX20: 0 | BY20: 0 | BZ20: 1 | CA20: 1 | CB20: 1 | CC20: 7.8975 | CD20: 1.3675 | CE20: 1.3675 | CF20: 1.3675 | CG20: 1.3675 | CH20: 1.3675 | CI20: 1.3675 | CJ20: 10.325 | CK20: 1.8575 | CL20: 1.8575 | CM20: 1.8575 | CN20: 1.8575 | CO20: 1.8575 | CP20: 1.8575 | CQ20: 12.0175 | CR20: 2.47 | CS20: 2.47 | CT20: 2.47 | CU20: 2.47 | CV20: 2.47 | CW20: 2.47 | CX20: -67.41 | CY20: 0 | CZ20: 0 | DA20: 0 | DB20: 0 | DC20: 0 | DD20: 0 | DE20: 0 | DF20: 0 | DG20: 0 | DH20: 0 | DI20: 0 | DJ20: 0 | DK20: 0 | DL20: {=IF($BJ20<>"",IFERROR(AVERAGE(_xlfn._xlws.FILTER($BD:$BD,($BA:$BA=$BI20)*($BC:$BC=_xlfn.NUMBERVALUE($BJ20)))),""),"")} -> 0 | DM20: {=IF($BK20<>"",IFERROR(AVERAGE(_xlfn._xlws.FILTER($BD:$BD,($BA:$BA=$BI20)*($BC:$BC=_xlfn.NUMBERVALUE($BK20)))),""),"")} -> 13.8375 | DN20: {=IF($BL20<>"",IFERROR(AVERAGE(_xlfn._xlws.FILTER($BD:$BD,($BA:$BA=$BI20)*($BC:$BC=_xlfn.NUMBERVALUE($BL20)))),""),"")} -> 32.736 | DO20: {=IF($BM20<>"",IFERROR(AVERAGE(_xlfn._xlws.FILTER($BD:$BD,($BA:$BA=$BI20)*($BC:$BC=_xlfn.NUMBERVALUE($BM20)))),""),"")} -> 56.071429 | DP20: {=IF($BN20<>"",IFERROR(AVERAGE(_xlfn._xlws.FILTER($BD:$BD,($BA:$BA=$BI20)*($BC:$BC=_xlfn.NUMBERVALUE($BN20)))),""),"")} | DQ20: {=IF($BO20<>"",IFERROR(AVERAGE(_xlfn._xlws.FILTER($BD:$BD,($BA:$BA=$BI20)*($BC:$BC=_xlfn.NUMBERVALUE($BO20)))),""),"")} | DR20: 0 | DS20: 0 | DT20: 0 | DU20: 0 | DX20: {=IF($BJ20<>"",IFERROR(AVERAGE(_xlfn._xlws.FILTER($BE:$BE,($BA:$BA=$BI20)*($BC:$BC=_xlfn.NUMBERVALUE($BJ20)))),""),"")} -> 0 | DY20: {=IF($BK20<>"",IFERROR(AVERAGE(_xlfn._xlws.FILTER($BE:$BE,($BA:$BA=$BI20)*($BC:$BC=_xlfn.NUMBERVALUE($BK20)))),""),"")} -> 0 | DZ20: {=IF($BL20<>"",IFERROR(AVERAGE(_xlfn._xlws.FILTER($BE:$BE,($BA:$BA=$BI20)*($BC:$BC=_xlfn.NUMBERVALUE($BL20)))),""),"")} -> 0 | EA20: {=IF($BM20<>"",IFERROR(AVERAGE(_xlfn._xlws.FILTER($BE:$BE,($BA:$BA=$BI20)*($BC:$BC=_xlfn.NUMBERVALUE($BM20)))),""),"")} -> 0 | EB20: {=IF($BN20<>"",IFERROR(AVERAGE(_xlfn._xlws.FILTER($BE:$BE,($BA:$BA=$BI20)*($BC:$BC=_xlfn.NUMBERVALUE($BN20)))),""),"")} | EC20: {=IF($BO20<>"",IFERROR(AVERAGE(_xlfn._xlws.FILTER($BE:$BE,($BA:$BA=$BI20)*($BC:$BC=_xlfn.NUMBERVALUE($BO20)))),""),"")}
F21: 10 | G21: LOT0550 | H21: 45406 | I21: 17 | J21: 59 | K21: 5 | L21: {=COUNT(_xlfn._xlws.FILTER(BA:BA,(BA:BA=_xlfn.NUMBERVALUE(F21))*(BC:BC=_xlfn.NUMBERVALUE($C$2))*((BD:BD<$C$2+$D$2)*(BD:BD>$C$2-$D$2))))} -> 5 | M21: =IFERROR(L21/K21*100,"") -> 100 | N21: {=COUNT(_xlfn._xlws.FILTER(BA:BA,(BA:BA=_xlfn.NUMBERVALUE(F21))*(BC:BC=_xlfn.NUMBERVALUE($C$2))*((BD:BD>$C$2+$D$2)*(BD:BD<$C$2+2*$D$2)+(BD:BD<$C$2-$D$2)*(BD:BD>$C$2-2*$D$2))))} -> 0 | O21: =IFERROR(N21/K21*100,"") -> 0 | P21: {=COUNT(_xlfn._xlws.FILTER(BA:BA,(BA:BA=_xlfn.NUMBERVALUE(F21))*(BC:BC=_xlfn.NUMBERVALUE($C$2))*((BD:BD>$C$2+2*$D$2)*(BD:BD<$C$2+3*$D$2)+(BD:BD<$C$2-2*$D$2)*(BD:BD>$C$2-3*$D$2))))} -> 0 | Q21: =IFERROR(P21/K21*100,"") -> 0 | R21: {=COUNT(_xlfn._xlws.FILTER(BA:BA,(BA:BA=_xlfn.NUMBERVALUE(F21))*(BC:BC=_xlfn.NUMBERVALUE($C$2))*((BD:BD>$C$2+3*$D$2)+(BD:BD<$C$2-3*$D$2))))} -> 0 | S21: =IFERROR(R21/K21*100,"") -> 0 | T21: 18 | U21: {=COUNT(_xlfn._xlws.FILTER(BA:BA,(BA:BA=F21)*(BC:BC=_xlfn.NUMBERVALUE($C$3))*((BD:BD<=$C$3+$D$3)*(BD:BD>$C$3-$D$3))))} -> 7 | V21: =IFERROR(U21/T21*100,"") -> 38.888889 | W21: {=COUNT(_xlfn._xlws.FILTER(BA:BA,(BA:BA=F21)*(BC:BC=_xlfn.NUMBERVALUE($C$3))*((BD:BD>$C$3+$D$3)*(BD:BD<$C$3+2*$D$3)+(BD:BD<$C$3-$D$3)*(BD:BD>$C$3-2*$D$3))))} -> 11 | X21: =IFERROR(W21/T21*100,"") -> 61.111111 | Y21: {=COUNT(_xlfn._xlws.FILTER(BA:BA,(BA:BA=F21)*(BC:BC=_xlfn.NUMBERVALUE($C$3))*((BD:BD>$C$3+2*$D$3)*(BD:BD<$C$3+3*$D$3)+(BD:BD<$C$3-2*$D$3)*(BD:BD>$C$3-3*$D$3))))} -> 0 | Z21: =IFERROR(Y21/T21*100,"") -> 0 | AA21: {=COUNT(_xlfn._xlws.FILTER(BA:BA,(BA:BA=F21)*(BC:BC=_xlfn.NUMBERVALUE($C$3))*((BD:BD>=$C$3+3*$D$3)+(BD:BD<=$C$3-3*$D$3))))} -> 0 | AB21: =IFERROR(AA21/T21*100,"") -> 0 | AC21: 18 | AD21: {=COUNT(_xlfn._xlws.FILTER(BA:BA,(BA:BA=F21)*(BC:BC=_xlfn.NUMBERVALUE($C$4))*((BD:BD<=$C$4+$D$4)*(BD:BD>$C$4-$D$4))))} -> 11 | AE21: =IFERROR(AD21/AC21*100,"") -> 61.111111 | AF21: {=COUNT(_xlfn._xlws.FILTER(BA:BA,(BA:BA=F21)*(BC:BC=_xlfn.NUMBERVALUE($C$4))*((BD:BD>$C$4+$D$4)*(BD:BD<$C$4+2*$D$4)+(BD:BD<$C$4-$D$4)*(BD:BD>$C$4-2*$D$4))))} -> 7 | AG21: =IFERROR(AF21/AC21*100,"") -> 38.888889 | AH21: {=COUNT(_xlfn._xlws.FILTER(BA:BA,(BA:BA=F21)*(BC:BC=_xlfn.NUMBERVALUE($C$4))*((BD:BD>$C$4+2*$D$4)*(BD:BD<$C$4+3*$D$4)+(BD:BD<$C$4-2*$D$4)*(BD:BD>$C$4-3*$D$4))))} -> 0 | AI21: =IFERROR(AH21/AC21*100,"") -> 0 | AJ21: {=COUNT(_xlfn._xlws.FILTER(BA:BA,(BA:BA=F21)*(BC:BC=_xlfn.NUMBERVALUE($C$4))*((BD:BD>$C$4+3*$D$4)+(BD:BD<$C$4-3*$D$4))))} -> 0 | AK21: =IFERROR(AJ21/AC21*100,"") -> 0 | AL21: 18 | AM21: {=COUNT(_xlfn._xlws.FILTER(BA:BA,(BA:BA=F21)*(BC:BC=_xlfn.NUMBERVALUE($C$5))*((BD:BD<=$C$5+$D$5)*(BD:BD>$C$5-$D$5))))} -> 14 | AN21: =IFERROR(AM21/AL21*100,"") -> 77.777778 | AO21: {=COUNT(_xlfn._xlws.FILTER(BA:BA,(BA:BA=F21)*(BC:BC=_xlfn.NUMBERVALUE($C$5))*((BD:BD>$C$5+$D$5)*(BD:BD<$C$5+2*$D$5)+(BD:BD<$C$5-$D$5)*(BD:BD>$C$5-2*$D$5))))} -> 4 | AP21: =IFERROR(AO21/AL21*100,"") -> 22.222222 | AQ21: {=COUNT(_xlfn._xlws.FILTER(BA:BA,(BA:BA=F21)*(BC:BC=_xlfn.NUMBERVALUE($C$5))*((BD:BD>$C$5+2*$D$5)*(BD:BD<$C$5+3*$D$5)+(BD:BD<$C$5-2*$D$5)*(BD:BD>$C$5-3*$D$5))))} -> 0 | AR21: =IFERROR(AQ21/AL21*100,"") -> 0 | AS21: {=COUNT(_xlfn._xlws.FILTER(BA:BA,(BA:BA=F21)*(BC:BC=_xlfn.NUMBERVALUE($C$5))*((BD:BD>$C$5+3*$D$5)+(BD:BD<$C$5-3*$D$5))))} -> 0 | AT21: =IFERROR(AS21/AL21*100,"") -> 0 | AW21: 2.1 | AX21: 2.1 | AY21: R080_HI782-0_0.0_LOT0367_PWW49.2_QC.xlsx | AZ21: LOT0367 | BA21: 2 | BB21: P/Final | BC21: 0 | BD21: 0.4 | BE21: 0 | BF21: 0 | BG21: 45300 | BH21: LOT0869 | BI21: 20 | BJ21: 0 | BK21: 15 | BL21: 35 | BM21: 60 | BP21: 0 | BQ21: 14.946875 | BR21: 34.931429 | BS21: 56.987143 | BV21: 0 | BW21: 0 | BX21: 0 | BY21: 0 | BZ21: 1 | CA21: 1 | CB21: 1 | CC21: 7.8975 | CD21: 1.3675 | CE21: 1.3675 | CF21: 1.3675 | CG21: 1.3675 | CH21: 1.3675 | CI21: 1.3675 | CJ21: 10.325 | CK21: 1.8575 | CL21: 1.8575 | CM21: 1.8575 | CN21: 1.8575 | CO21: 1.8575 | CP21: 1.8575 | CQ21: 12.0175 | CR21: 2.47 | CS21: 2.47 | CT21: 2.47 | CU21: 2.47 | CV21: 2.47 | CW21: 2.47 | CX21: -67.41 | CY21: 0 | CZ21: 0 | DA21: 0 | DB21: 0 | DC21: 0 | DD21: 0 | DE21: 0 | DF21: 0 | DG21: 0 | DH21: 0 | DI21: 0 | DJ21: 0 | DK21: 0 | DL21: {=IF($BJ21<>"",IFERROR(AVERAGE(_xlfn._xlws.FILTER($BD:$BD,($BA:$BA=$BI21)*($BC:$BC=_xlfn.NUMBERVALUE($BJ21)))),""),"")} -> 0 | DM21: {=IF($BK21<>"",IFERROR(AVERAGE(_xlfn._xlws.FILTER($BD:$BD,($BA:$BA=$BI21)*($BC:$BC=_xlfn.NUMBERVALUE($BK21)))),""),"")} -> 14.946875 | DN21: {=IF($BL21<>"",IFERROR(AVERAGE(_xlfn._xlws.FILTER($BD:$BD,($BA:$BA=$BI21)*($BC:$BC=_xlfn.NUMBERVALUE($BL21)))),""),"")} -> 34.931429 | DO21: {=IF($BM21<>"",IFERROR(AVERAGE(_xlfn._xlws.FILTER($BD:$BD,($BA:$BA=$BI21)*($BC:$BC=_xlfn.NUMBERVALUE($BM21)))),""),"")} -> 56.987143 | DP21: {=IF($BN21<>"",IFERROR(AVERAGE(_xlfn._xlws.FILTER($BD:$BD,($BA:$BA=$BI21)*($BC:$BC=_xlfn.NUMBERVALUE($BN21)))),""),"")} | DQ21: {=IF($BO21<>"",IFERROR(AVERAGE(_xlfn._xlws.FILTER($BD:$BD,($BA:$BA=$BI21)*($BC:$BC=_xlfn.NUMBERVALUE($BO21)))),""),"")} | DR21: 0.02 | DS21: 14.951562 | DT21: 34.984286 | DU21: 56.96 | DX21: {=IF($BJ21<>"",IFERROR(AVERAGE(_xlfn._xlws.FILTER($BE:$BE,($BA:$BA=$BI21)*($BC:$BC=_xlfn.NUMBERVALUE($BJ21)))),""),"")} -> 0.02 | DY21: {=IF($BK21<>"",IFERROR(AVERAGE(_xlfn._xlws.FILTER($BE:$BE,($BA:$BA=$BI21)*($BC:$BC=_xlfn.NUMBERVALUE($BK21)))),""),"")} -> 14.951562 | DZ21: {=IF($BL21<>"",IFERROR(AVERAGE(_xlfn._xlws.FILTER($BE:$BE,($BA:$BA=$BI21)*($BC:$BC=_xlfn.NUMBERVALUE($BL21)))),""),"")} -> 34.984286 | EA21: {=IF($BM21<>"",IFERROR(AVERAGE(_xlfn._xlws.FILTER($BE:$BE,($BA:$BA=$BI21)*($BC:$BC=_xlfn.NUMBERVALUE($BM21)))),""),"")} -> 56.96 | EB21: {=IF($BN21<>"",IFERROR(AVERAGE(_xlfn._xlws.FILTER($BE:$BE,($BA:$BA=$BI21)*($BC:$BC=_xlfn.NUMBERVALUE($BN21)))),""),"")} | EC21: {=IF($BO21<>"",IFERROR(AVERAGE(_xlfn._xlws.FILTER($BE:$BE,($BA:$BA=$BI21)*($BC:$BC=_xlfn.NUMBERVALUE($BO21)))),""),"")}
F22: 11 | G22: LOT0568 | H22: 45426 | I22: 20 | J22: 147 | K22: 9 | L22: {=COUNT(_xlfn._xlws.FILTER(BA:BA,(BA:BA=_xlfn.NUMBERVALUE(F22))*(BC:BC=_xlfn.NUMBERVALUE($C$2))*((BD:BD<$C$2+$D$2)*(BD:BD>$C$2-$D$2))))} -> 9 | M22: =IFERROR(L22/K22*100,"") -> 100 | N22: {=COUNT(_xlfn._xlws.FILTER(BA:BA,(BA:BA=_xlfn.NUMBERVALUE(F22))*(BC:BC=_xlfn.NUMBERVALUE($C$2))*((BD:BD>$C$2+$D$2)*(BD:BD<$C$2+2*$D$2)+(BD:BD<$C$2-$D$2)*(BD:BD>$C$2-2*$D$2))))} -> 0 | O22: =IFERROR(N22/K22*100,"") -> 0 | P22: {=COUNT(_xlfn._xlws.FILTER(BA:BA,(BA:BA=_xlfn.NUMBERVALUE(F22))*(BC:BC=_xlfn.NUMBERVALUE($C$2))*((BD:BD>$C$2+2*$D$2)*(BD:BD<$C$2+3*$D$2)+(BD:BD<$C$2-2*$D$2)*(BD:BD>$C$2-3*$D$2))))} -> 0 | Q22: =IFERROR(P22/K22*100,"") -> 0 | R22: {=COUNT(_xlfn._xlws.FILTER(BA:BA,(BA:BA=_xlfn.NUMBERVALUE(F22))*(BC:BC=_xlfn.NUMBERVALUE($C$2))*((BD:BD>$C$2+3*$D$2)+(BD:BD<$C$2-3*$D$2))))} -> 0 | S22: =IFERROR(R22/K22*100,"") -> 0 | T22: 46 | U22: {=COUNT(_xlfn._xlws.FILTER(BA:BA,(BA:BA=F22)*(BC:BC=_xlfn.NUMBERVALUE($C$3))*((BD:BD<=$C$3+$D$3)*(BD:BD>$C$3-$D$3))))} -> 21 | V22: =IFERROR(U22/T22*100,"") -> 45.652174 | W22: {=COUNT(_xlfn._xlws.FILTER(BA:BA,(BA:BA=F22)*(BC:BC=_xlfn.NUMBERVALUE($C$3))*((BD:BD>$C$3+$D$3)*(BD:BD<$C$3+2*$D$3)+(BD:BD<$C$3-$D$3)*(BD:BD>$C$3-2*$D$3))))} -> 23 | X22: =IFERROR(W22/T22*100,"") -> 50 | Y22: {=COUNT(_xlfn._xlws.FILTER(BA:BA,(BA:BA=F22)*(BC:BC=_xlfn.NUMBERVALUE($C$3))*((BD:BD>$C$3+2*$D$3)*(BD:BD<$C$3+3*$D$3)+(BD:BD<$C$3-2*$D$3)*(BD:BD>$C$3-3*$D$3))))} -> 2 | Z22: =IFERROR(Y22/T22*100,"") -> 4.3478261 | AA22: {=COUNT(_xlfn._xlws.FILTER(BA:BA,(BA:BA=F22)*(BC:BC=_xlfn.NUMBERVALUE($C$3))*((BD:BD>=$C$3+3*$D$3)+(BD:BD<=$C$3-3*$D$3))))} -> 0 | AB22: =IFERROR(AA22/T22*100,"") -> 0 | AC22: 46 | AD22: {=COUNT(_xlfn._xlws.FILTER(BA:BA,(BA:BA=F22)*(BC:BC=_xlfn.NUMBERVALUE($C$4))*((BD:BD<=$C$4+$D$4)*(BD:BD>$C$4-$D$4))))} -> 26 | AE22: =IFERROR(AD22/AC22*100,"") -> 56.521739 | AF22: {=COUNT(_xlfn._xlws.FILTER(BA:BA,(BA:BA=F22)*(BC:BC=_xlfn.NUMBERVALUE($C$4))*((BD:BD>$C$4+$D$4)*(BD:BD<$C$4+2*$D$4)+(BD:BD<$C$4-$D$4)*(BD:BD>$C$4-2*$D$4))))} -> 19 | AG22: =IFERROR(AF22/AC22*100,"") -> 41.304348 | AH22: {=COUNT(_xlfn._xlws.FILTER(BA:BA,(BA:BA=F22)*(BC:BC=_xlfn.NUMBERVALUE($C$4))*((BD:BD>$C$4+2*$D$4)*(BD:BD<$C$4+3*$D$4)+(BD:BD<$C$4-2*$D$4)*(BD:BD>$C$4-3*$D$4))))} -> 2 | AI22: =IFERROR(AH22/AC22*100,"") -> 4.3478261 | AJ22: {=COUNT(_xlfn._xlws.FILTER(BA:BA,(BA:BA=F22)*(BC:BC=_xlfn.NUMBERVALUE($C$4))*((BD:BD>$C$4+3*$D$4)+(BD:BD<$C$4-3*$D$4))))} -> 0 | AK22: =IFERROR(AJ22/AC22*100,"") -> 0 | AL22: 46 | AM22: {=COUNT(_xlfn._xlws.FILTER(BA:BA,(BA:BA=F22)*(BC:BC=_xlfn.NUMBERVALUE($C$5))*((BD:BD<=$C$5+$D$5)*(BD:BD>$C$5-$D$5))))} -> 35 | AN22: =IFERROR(AM22/AL22*100,"") -> 76.086957 | AO22: {=COUNT(_xlfn._xlws.FILTER(BA:BA,(BA:BA=F22)*(BC:BC=_xlfn.NUMBERVALUE($C$5))*((BD:BD>$C$5+$D$5)*(BD:BD<$C$5+2*$D$5)+(BD:BD<$C$5-$D$5)*(BD:BD>$C$5-2*$D$5))))} -> 10 | AP22: =IFERROR(AO22/AL22*100,"") -> 21.73913 | AQ22: {=COUNT(_xlfn._xlws.FILTER(BA:BA,(BA:BA=F22)*(BC:BC=_xlfn.NUMBERVALUE($C$5))*((BD:BD>$C$5+2*$D$5)*(BD:BD<$C$5+3*$D$5)+(BD:BD<$C$5-2*$D$5)*(BD:BD>$C$5-3*$D$5))))} -> 0 | AR22: =IFERROR(AQ22/AL22*100,"") -> 0 | AS22: {=COUNT(_xlfn._xlws.FILTER(BA:BA,(BA:BA=F22)*(BC:BC=_xlfn.NUMBERVALUE($C$5))*((BD:BD>$C$5+3*$D$5)+(BD:BD<$C$5-3*$D$5))))} -> 0 | AT22: =IFERROR(AS22/AL22*100,"") -> 0 | AW22: 2.1 | AX22: 2.1 | AY22: R080_HI782-0_0.0_LOT0367_PWW49.2_QC.xlsx | AZ22: LOT0367 | BA22: 2 | BB22: P/Final | BC22: 0 | BD22: 0.4 | BE22: 0 | BF22: 0 | BG22: 45300 | BH22: LOT0894 | BI22: 21 | BJ22: 0 | BK22: 15 | BL22: 35 | BM22: 60 | BP22: 0 | BQ22: 15.135135 | BR22: 37.142105 | BS22: 60.711111 | BV22: 0 | BW22: 0 | BX22: 0 | BY22: 0 | BZ22: 1 | CA22: 1 | CB22: 1 | CC22: 7.8975 | CD22: 1.3675 | CE22: 1.3675 | CF22: 1.3675 | CG22: 1.3675 | CH22: 1.3675 | CI22: 1.3675 | CJ22: 10.325 | CK22: 1.8575 | CL22: 1.8575 | CM22: 1.8575 | CN22: 1.8575 | CO22: 1.8575 | CP22: 1.8575 | CQ22: 12.0175 | CR22: 2.47 | CS22: 2.47 | CT22: 2.47 | CU22: 2.47 | CV22: 2.47 | CW22: 2.47 | CX22: -67.41 | CY22: 0 | CZ22: 0 | DA22: 0 | DB22: 0 | DC22: 0 | DD22: 0 | DE22: 0 | DF22: 0 | DG22: 0 | DH22: 0 | DI22: 0 | DJ22: 0 | DK22: 0 | DL22: {=IF($BJ22<>"",IFERROR(AVERAGE(_xlfn._xlws.FILTER($BD:$BD,($BA:$BA=$BI22)*($BC:$BC=_xlfn.NUMBERVALUE($BJ22)))),""),"")} -> 0 | DM22: {=IF($BK22<>"",IFERROR(AVERAGE(_xlfn._xlws.FILTER($BD:$BD,($BA:$BA=$BI22)*($BC:$BC=_xlfn.NUMBERVALUE($BK22)))),""),"")} -> 15.135135 | DN22: {=IF($BL22<>"",IFERROR(AVERAGE(_xlfn._xlws.FILTER($BD:$BD,($BA:$BA=$BI22)*($BC:$BC=_xlfn.NUMBERVALUE($BL22)))),""),"")} -> 37.142105 | DO22: {=IF($BM22<>"",IFERROR(AVERAGE(_xlfn._xlws.FILTER($BD:$BD,($BA:$BA=$BI22)*($BC:$BC=_xlfn.NUMBERVALUE($BM22)))),""),"")} -> 60.711111 | DP22: {=IF($BN22<>"",IFERROR(AVERAGE(_xlfn._xlws.FILTER($BD:$BD,($BA:$BA=$BI22)*($BC:$BC=_xlfn.NUMBERVALUE($BN22)))),""),"")} | DQ22: {=IF($BO22<>"",IFERROR(AVERAGE(_xlfn._xlws.FILTER($BD:$BD,($BA:$BA=$BI22)*($BC:$BC=_xlfn.NUMBERVALUE($BO22)))),""),"")} | DR22: 0 | DS22: 0 | DT22: 0 | DU22: 0 | DX22: {=IF($BJ22<>"",IFERROR(AVERAGE(_xlfn._xlws.FILTER($BE:$BE,($BA:$BA=$BI22)*($BC:$BC=_xlfn.NUMBERVALUE($BJ22)))),""),"")} -> 0 | DY22: {=IF($BK22<>"",IFERROR(AVERAGE(_xlfn._xlws.FILTER($BE:$BE,($BA:$BA=$BI22)*($BC:$BC=_xlfn.NUMBERVALUE($BK22)))),""),"")} -> 0 | DZ22: {=IF($BL22<>"",IFERROR(AVERAGE(_xlfn._xlws.FILTER($BE:$BE,($BA:$BA=$BI22)*($BC:$BC=_xlfn.NUMBERVALUE($BL22)))),""),"")} -> 0 | EA22: {=IF($BM22<>"",IFERROR(AVERAGE(_xlfn._xlws.FILTER($BE:$BE,($BA:$BA=$BI22)*($BC:$BC=_xlfn.NUMBERVALUE($BM22)))),""),"")} -> 0 | EB22: {=IF($BN22<>"",IFERROR(AVERAGE(_xlfn._xlws.FILTER($BE:$BE,($BA:$BA=$BI22)*($BC:$BC=_xlfn.NUMBERVALUE($BN22)))),""),"")} | EC22: {=IF($BO22<>"",IFERROR(AVERAGE(_xlfn._xlws.FILTER($BE:$BE,($BA:$BA=$BI22)*($BC:$BC=_xlfn.NUMBERVALUE($BO22)))),""),"")}
F23: 12 | G23: LOT0632 | H23: 45484 | I23: 28 | J23: 31 | K23: 4 | L23: {=COUNT(_xlfn._xlws.FILTER(BA:BA,(BA:BA=_xlfn.NUMBERVALUE(F23))*(BC:BC=_xlfn.NUMBERVALUE($C$2))*((BD:BD<$C$2+$D$2)*(BD:BD>$C$2-$D$2))))} -> 4 | M23: =IFERROR(L23/K23*100,"") -> 100 | N23: {=COUNT(_xlfn._xlws.FILTER(BA:BA,(BA:BA=_xlfn.NUMBERVALUE(F23))*(BC:BC=_xlfn.NUMBERVALUE($C$2))*((BD:BD>$C$2+$D$2)*(BD:BD<$C$2+2*$D$2)+(BD:BD<$C$2-$D$2)*(BD:BD>$C$2-2*$D$2))))} -> 0 | O23: =IFERROR(N23/K23*100,"") -> 0 | P23: {=COUNT(_xlfn._xlws.FILTER(BA:BA,(BA:BA=_xlfn.NUMBERVALUE(F23))*(BC:BC=_xlfn.NUMBERVALUE($C$2))*((BD:BD>$C$2+2*$D$2)*(BD:BD<$C$2+3*$D$2)+(BD:BD<$C$2-2*$D$2)*(BD:BD>$C$2-3*$D$2))))} -> 0 | Q23: =IFERROR(P23/K23*100,"") -> 0 | R23: {=COUNT(_xlfn._xlws.FILTER(BA:BA,(BA:BA=_xlfn.NUMBERVALUE(F23))*(BC:BC=_xlfn.NUMBERVALUE($C$2))*((BD:BD>$C$2+3*$D$2)+(BD:BD<$C$2-3*$D$2))))} -> 0 | S23: =IFERROR(R23/K23*100,"") -> 0 | T23: 8 | U23: {=COUNT(_xlfn._xlws.FILTER(BA:BA,(BA:BA=F23)*(BC:BC=_xlfn.NUMBERVALUE($C$3))*((BD:BD<=$C$3+$D$3)*(BD:BD>$C$3-$D$3))))} -> 6 | V23: =IFERROR(U23/T23*100,"") -> 75 | W23: {=COUNT(_xlfn._xlws.FILTER(BA:BA,(BA:BA=F23)*(BC:BC=_xlfn.NUMBERVALUE($C$3))*((BD:BD>$C$3+$D$3)*(BD:BD<$C$3+2*$D$3)+(BD:BD<$C$3-$D$3)*(BD:BD>$C$3-2*$D$3))))} -> 2 | X23: =IFERROR(W23/T23*100,"") -> 25 | Y23: {=COUNT(_xlfn._xlws.FILTER(BA:BA,(BA:BA=F23)*(BC:BC=_xlfn.NUMBERVALUE($C$3))*((BD:BD>$C$3+2*$D$3)*(BD:BD<$C$3+3*$D$3)+(BD:BD<$C$3-2*$D$3)*(BD:BD>$C$3-3*$D$3))))} -> 0 | Z23: =IFERROR(Y23/T23*100,"") -> 0 | AA23: {=COUNT(_xlfn._xlws.FILTER(BA:BA,(BA:BA=F23)*(BC:BC=_xlfn.NUMBERVALUE($C$3))*((BD:BD>=$C$3+3*$D$3)+(BD:BD<=$C$3-3*$D$3))))} -> 0 | AB23: =IFERROR(AA23/T23*100,"") -> 0 | AC23: 8 | AD23: {=COUNT(_xlfn._xlws.FILTER(BA:BA,(BA:BA=F23)*(BC:BC=_xlfn.NUMBERVALUE($C$4))*((BD:BD<=$C$4+$D$4)*(BD:BD>$C$4-$D$4))))} -> 9 | AE23: =IFERROR(AD23/AC23*100,"") -> 112.5 | AF23: {=COUNT(_xlfn._xlws.FILTER(BA:BA,(BA:BA=F23)*(BC:BC=_xlfn.NUMBERVALUE($C$4))*((BD:BD>$C$4+$D$4)*(BD:BD<$C$4+2*$D$4)+(BD:BD<$C$4-$D$4)*(BD:BD>$C$4-2*$D$4))))} -> 1 | AG23: =IFERROR(AF23/AC23*100,"") -> 12.5 | AH23: {=COUNT(_xlfn._xlws.FILTER(BA:BA,(BA:BA=F23)*(BC:BC=_xlfn.NUMBERVALUE($C$4))*((BD:BD>$C$4+2*$D$4)*(BD:BD<$C$4+3*$D$4)+(BD:BD<$C$4-2*$D$4)*(BD:BD>$C$4-3*$D$4))))} -> 0 | AI23: =IFERROR(AH23/AC23*100,"") -> 0 | AJ23: {=COUNT(_xlfn._xlws.FILTER(BA:BA,(BA:BA=F23)*(BC:BC=_xlfn.NUMBERVALUE($C$4))*((BD:BD>$C$4+3*$D$4)+(BD:BD<$C$4-3*$D$4))))} -> 1 | AK23: =IFERROR(AJ23/AC23*100,"") -> 12.5 | AL23: 8 | AM23: {=COUNT(_xlfn._xlws.FILTER(BA:BA,(BA:BA=F23)*(BC:BC=_xlfn.NUMBERVALUE($C$5))*((BD:BD<=$C$5+$D$5)*(BD:BD>$C$5-$D$5))))} -> 3 | AN23: =IFERROR(AM23/AL23*100,"") -> 37.5 | AO23: {=COUNT(_xlfn._xlws.FILTER(BA:BA,(BA:BA=F23)*(BC:BC=_xlfn.NUMBERVALUE($C$5))*((BD:BD>$C$5+$D$5)*(BD:BD<$C$5+2*$D$5)+(BD:BD<$C$5-$D$5)*(BD:BD>$C$5-2*$D$5))))} -> 5 | AP23: =IFERROR(AO23/AL23*100,"") -> 62.5 | AQ23: {=COUNT(_xlfn._xlws.FILTER(BA:BA,(BA:BA=F23)*(BC:BC=_xlfn.NUMBERVALUE($C$5))*((BD:BD>$C$5+2*$D$5)*(BD:BD<$C$5+3*$D$5)+(BD:BD<$C$5-2*$D$5)*(BD:BD>$C$5-3*$D$5))))} -> 0 | AR23: =IFERROR(AQ23/AL23*100,"") -> 0 | AS23: {=COUNT(_xlfn._xlws.FILTER(BA:BA,(BA:BA=F23)*(BC:BC=_xlfn.NUMBERVALUE($C$5))*((BD:BD>$C$5+3*$D$5)+(BD:BD<$C$5-3*$D$5))))} -> 0 | AT23: =IFERROR(AS23/AL23*100,"") -> 0 | AW23: 2.1 | AX23: 2.1 | AY23: R080_HI782-0_0.0_LOT0367_PWW49.2_QC.xlsx | AZ23: LOT0367 | BA23: 2 | BB23: P/Final | BC23: 0 | BD23: 0.6 | BE23: 0 | BF23: 0 | BG23: 45300 | BH23: LOT0898 | BI23: 22 | BJ23: 0 | BK23: 15 | BL23: 35 | BM23: 60 | BP23: 0 | BQ23: 15.904348 | BR23: 36.51087 | BS23: 59.065957 | BV23: 0 | BW23: 0 | BX23: 0 | BY23: 0 | BZ23: 1 | CA23: 1 | CB23: 1 | CC23: 7.8975 | CD23: 1.3675 | CE23: 1.3675 | CF23: 1.3675 | CG23: 1.3675 | CH23: 1.3675 | CI23: 1.3675 | CJ23: 10.325 | CK23: 1.8575 | CL23: 1.8575 | CM23: 1.8575 | CN23: 1.8575 | CO23: 1.8575 | CP23: 1.8575 | CQ23: 12.0175 | CR23: 2.47 | CS23: 2.47 | CT23: 2.47 | CU23: 2.47 | CV23: 2.47 | CW23: 2.47 | CX23: -67.41 | CY23: 0 | CZ23: 0 | DA23: 0 | DB23: 0 | DC23: 0 | DD23: 0 | DE23: 0 | DF23: 0 | DG23: 0 | DH23: 0 | DI23: 0 | DJ23: 0 | DK23: 0 | DL23: {=IF($BJ23<>"",IFERROR(AVERAGE(_xlfn._xlws.FILTER($BD:$BD,($BA:$BA=$BI23)*($BC:$BC=_xlfn.NUMBERVALUE($BJ23)))),""),"")} -> 0 | DM23: {=IF($BK23<>"",IFERROR(AVERAGE(_xlfn._xlws.FILTER($BD:$BD,($BA:$BA=$BI23)*($BC:$BC=_xlfn.NUMBERVALUE($BK23)))),""),"")} -> 15.904348 | DN23: {=IF($BL23<>"",IFERROR(AVERAGE(_xlfn._xlws.FILTER($BD:$BD,($BA:$BA=$BI23)*($BC:$BC=_xlfn.NUMBERVALUE($BL23)))),""),"")} -> 36.51087 | DO23: {=IF($BM23<>"",IFERROR(AVERAGE(_xlfn._xlws.FILTER($BD:$BD,($BA:$BA=$BI23)*($BC:$BC=_xlfn.NUMBERVALUE($BM23)))),""),"")} -> 59.065957 | DP23: {=IF($BN23<>"",IFERROR(AVERAGE(_xlfn._xlws.FILTER($BD:$BD,($BA:$BA=$BI23)*($BC:$BC=_xlfn.NUMBERVALUE($BN23)))),""),"")} | DQ23: {=IF($BO23<>"",IFERROR(AVERAGE(_xlfn._xlws.FILTER($BD:$BD,($BA:$BA=$BI23)*($BC:$BC=_xlfn.NUMBERVALUE($BO23)))),""),"")} | DR23: 0 | DS23: 0 | DT23: 0 | DU23: 0 | DX23: {=IF($BJ23<>"",IFERROR(AVERAGE(_xlfn._xlws.FILTER($BE:$BE,($BA:$BA=$BI23)*($BC:$BC=_xlfn.NUMBERVALUE($BJ23)))),""),"")} -> 0 | DY23: {=IF($BK23<>"",IFERROR(AVERAGE(_xlfn._xlws.FILTER($BE:$BE,($BA:$BA=$BI23)*($BC:$BC=_xlfn.NUMBERVALUE($BK23)))),""),"")} -> 0 | DZ23: {=IF($BL23<>"",IFERROR(AVERAGE(_xlfn._xlws.FILTER($BE:$BE,($BA:$BA=$BI23)*($BC:$BC=_xlfn.NUMBERVALUE($BL23)))),""),"")} -> 0 | EA23: {=IF($BM23<>"",IFERROR(AVERAGE(_xlfn._xlws.FILTER($BE:$BE,($BA:$BA=$BI23)*($BC:$BC=_xlfn.NUMBERVALUE($BM23)))),""),"")} -> 0 | EB23: {=IF($BN23<>"",IFERROR(AVERAGE(_xlfn._xlws.FILTER($BE:$BE,($BA:$BA=$BI23)*($BC:$BC=_xlfn.NUMBERVALUE($BN23)))),""),"")} | EC23: {=IF($BO23<>"",IFERROR(AVERAGE(_xlfn._xlws.FILTER($BE:$BE,($BA:$BA=$BI23)*($BC:$BC=_xlfn.NUMBERVALUE($BO23)))),""),"")}
F24: 13 | G24: LOT0634 | H24: 45491 | I24: 29 | J24: 34 | K24: 2 | L24: {=COUNT(_xlfn._xlws.FILTER(BA:BA,(BA:BA=_xlfn.NUMBERVALUE(F24))*(BC:BC=_xlfn.NUMBERVALUE($C$2))*((BD:BD<$C$2+$D$2)*(BD:BD>$C$2-$D$2))))} -> 2 | M24: =IFERROR(L24/K24*100,"") -> 100 | N24: {=COUNT(_xlfn._xlws.FILTER(BA:BA,(BA:BA=_xlfn.NUMBERVALUE(F24))*(BC:BC=_xlfn.NUMBERVALUE($C$2))*((BD:BD>$C$2+$D$2)*(BD:BD<$C$2+2*$D$2)+(BD:BD<$C$2-$D$2)*(BD:BD>$C$2-2*$D$2))))} -> 0 | O24: =IFERROR(N24/K24*100,"") -> 0 | P24: {=COUNT(_xlfn._xlws.FILTER(BA:BA,(BA:BA=_xlfn.NUMBERVALUE(F24))*(BC:BC=_xlfn.NUMBERVALUE($C$2))*((BD:BD>$C$2+2*$D$2)*(BD:BD<$C$2+3*$D$2)+(BD:BD<$C$2-2*$D$2)*(BD:BD>$C$2-3*$D$2))))} -> 0 | Q24: =IFERROR(P24/K24*100,"") -> 0 | R24: {=COUNT(_xlfn._xlws.FILTER(BA:BA,(BA:BA=_xlfn.NUMBERVALUE(F24))*(BC:BC=_xlfn.NUMBERVALUE($C$2))*((BD:BD>$C$2+3*$D$2)+(BD:BD<$C$2-3*$D$2))))} -> 0 | S24: =IFERROR(R24/K24*100,"") -> 0 | T24: 10 | U24: {=COUNT(_xlfn._xlws.FILTER(BA:BA,(BA:BA=F24)*(BC:BC=_xlfn.NUMBERVALUE($C$3))*((BD:BD<=$C$3+$D$3)*(BD:BD>$C$3-$D$3))))} -> 10 | V24: =IFERROR(U24/T24*100,"") -> 100 | W24: {=COUNT(_xlfn._xlws.FILTER(BA:BA,(BA:BA=F24)*(BC:BC=_xlfn.NUMBERVALUE($C$3))*((BD:BD>$C$3+$D$3)*(BD:BD<$C$3+2*$D$3)+(BD:BD<$C$3-$D$3)*(BD:BD>$C$3-2*$D$3))))} -> 0 | X24: =IFERROR(W24/T24*100,"") -> 0 | Y24: {=COUNT(_xlfn._xlws.FILTER(BA:BA,(BA:BA=F24)*(BC:BC=_xlfn.NUMBERVALUE($C$3))*((BD:BD>$C$3+2*$D$3)*(BD:BD<$C$3+3*$D$3)+(BD:BD<$C$3-2*$D$3)*(BD:BD>$C$3-3*$D$3))))} -> 0 | Z24: =IFERROR(Y24/T24*100,"") -> 0 | AA24: {=COUNT(_xlfn._xlws.FILTER(BA:BA,(BA:BA=F24)*(BC:BC=_xlfn.NUMBERVALUE($C$3))*((BD:BD>=$C$3+3*$D$3)+(BD:BD<=$C$3-3*$D$3))))} -> 0 | AB24: =IFERROR(AA24/T24*100,"") -> 0 | AC24: 10 | AD24: {=COUNT(_xlfn._xlws.FILTER(BA:BA,(BA:BA=F24)*(BC:BC=_xlfn.NUMBERVALUE($C$4))*((BD:BD<=$C$4+$D$4)*(BD:BD>$C$4-$D$4))))} -> 4 | AE24: =IFERROR(AD24/AC24*100,"") -> 40 | AF24: {=COUNT(_xlfn._xlws.FILTER(BA:BA,(BA:BA=F24)*(BC:BC=_xlfn.NUMBERVALUE($C$4))*((BD:BD>$C$4+$D$4)*(BD:BD<$C$4+2*$D$4)+(BD:BD<$C$4-$D$4)*(BD:BD>$C$4-2*$D$4))))} -> 7 | AG24: =IFERROR(AF24/AC24*100,"") -> 70 | AH24: {=COUNT(_xlfn._xlws.FILTER(BA:BA,(BA:BA=F24)*(BC:BC=_xlfn.NUMBERVALUE($C$4))*((BD:BD>$C$4+2*$D$4)*(BD:BD<$C$4+3*$D$4)+(BD:BD<$C$4-2*$D$4)*(BD:BD>$C$4-3*$D$4))))} -> 0 | AI24: =IFERROR(AH24/AC24*100,"") -> 0 | AJ24: {=COUNT(_xlfn._xlws.FILTER(BA:BA,(BA:BA=F24)*(BC:BC=_xlfn.NUMBERVALUE($C$4))*((BD:BD>$C$4+3*$D$4)+(BD:BD<$C$4-3*$D$4))))} -> 0 | AK24: =IFERROR(AJ24/AC24*100,"") -> 0 | AL24: 10 | AM24: {=COUNT(_xlfn._xlws.FILTER(BA:BA,(BA:BA=F24)*(BC:BC=_xlfn.NUMBERVALUE($C$5))*((BD:BD<=$C$5+$D$5)*(BD:BD>$C$5-$D$5))))} -> 7 | AN24: =IFERROR(AM24/AL24*100,"") -> 70 | AO24: {=COUNT(_xlfn._xlws.FILTER(BA:BA,(BA:BA=F24)*(BC:BC=_xlfn.NUMBERVALUE($C$5))*((BD:BD>$C$5+$D$5)*(BD:BD<$C$5+2*$D$5)+(BD:BD<$C$5-$D$5)*(BD:BD>$C$5-2*$D$5))))} -> 4 | AP24: =IFERROR(AO24/AL24*100,"") -> 40 | AQ24: {=COUNT(_xlfn._xlws.FILTER(BA:BA,(BA:BA=F24)*(BC:BC=_xlfn.NUMBERVALUE($C$5))*((BD:BD>$C$5+2*$D$5)*(BD:BD<$C$5+3*$D$5)+(BD:BD<$C$5-2*$D$5)*(BD:BD>$C$5-3*$D$5))))} -> 0 | AR24: =IFERROR(AQ24/AL24*100,"") -> 0 | AS24: {=COUNT(_xlfn._xlws.FILTER(BA:BA,(BA:BA=F24)*(BC:BC=_xlfn.NUMBERVALUE($C$5))*((BD:BD>$C$5+3*$D$5)+(BD:BD<$C$5-3*$D$5))))} -> 0 | AT24: =IFERROR(AS24/AL24*100,"") -> 0 | AW24: 2.1 | AX24: 2.1 | AY24: R080_HI782-0_0.0_LOT0367_PWW49.2_QC.xlsx | AZ24: LOT0367 | BA24: 2 | BB24: P/Final | BC24: 0 | BD24: 0.7 | BE24: 0 | BF24: 0 | BG24: 45300 | BH24: LOT0941 | BI24: 23 | BJ24: 0 | BK24: 15 | BL24: 35 | BM24: 60 | BP24: 0.004 | BQ24: 14.548718 | BR24: 33.854878 | BS24: 56.452273 | BV24: 0 | BW24: 0 | BX24: 0 | BY24: 0 | BZ24: 1 | CA24: 1 | CB24: 1 | CC24: 7.8975 | CD24: 1.3675 | CE24: 1.3675 | CF24: 1.3675 | CG24: 1.3675 | CH24: 1.3675 | CI24: 1.3675 | CJ24: 10.325 | CK24: 1.8575 | CL24: 1.8575 | CM24: 1.8575 | CN24: 1.8575 | CO24: 1.8575 | CP24: 1.8575 | CQ24: 12.0175 | CR24: 2.47 | CS24: 2.47 | CT24: 2.47 | CU24: 2.47 | CV24: 2.47 | CW24: 2.47 | CX24: -67.41 | CY24: 0 | CZ24: 0 | DA24: 0 | DB24: 0 | DC24: 0 | DD24: 0 | DE24: 0 | DF24: 0 | DG24: 0 | DH24: 0 | DI24: 0 | DJ24: 0 | DK24: 0 | DL24: {=IF($BJ24<>"",IFERROR(AVERAGE(_xlfn._xlws.FILTER($BD:$BD,($BA:$BA=$BI24)*($BC:$BC=_xlfn.NUMBERVALUE($BJ24)))),""),"")} -> 0.004 | DM24: {=IF($BK24<>"",IFERROR(AVERAGE(_xlfn._xlws.FILTER($BD:$BD,($BA:$BA=$BI24)*($BC:$BC=_xlfn.NUMBERVALUE($BK24)))),""),"")} -> 14.548718 | DN24: {=IF($BL24<>"",IFERROR(AVERAGE(_xlfn._xlws.FILTER($BD:$BD,($BA:$BA=$BI24)*($BC:$BC=_xlfn.NUMBERVALUE($BL24)))),""),"")} -> 33.854878 | DO24: {=IF($BM24<>"",IFERROR(AVERAGE(_xlfn._xlws.FILTER($BD:$BD,($BA:$BA=$BI24)*($BC:$BC=_xlfn.NUMBERVALUE($BM24)))),""),"")} -> 56.452273 | DP24: {=IF($BN24<>"",IFERROR(AVERAGE(_xlfn._xlws.FILTER($BD:$BD,($BA:$BA=$BI24)*($BC:$BC=_xlfn.NUMBERVALUE($BN24)))),""),"")} | DQ24: {=IF($BO24<>"",IFERROR(AVERAGE(_xlfn._xlws.FILTER($BD:$BD,($BA:$BA=$BI24)*($BC:$BC=_xlfn.NUMBERVALUE($BO24)))),""),"")} | DR24: 0 | DS24: 12.176923 | DT24: 28.359756 | DU24: 47.748864 | DX24: {=IF($BJ24<>"",IFERROR(AVERAGE(_xlfn._xlws.FILTER($BE:$BE,($BA:$BA=$BI24)*($BC:$BC=_xlfn.NUMBERVALUE($BJ24)))),""),"")} -> 0 | DY24: {=IF($BK24<>"",IFERROR(AVERAGE(_xlfn._xlws.FILTER($BE:$BE,($BA:$BA=$BI24)*($BC:$BC=_xlfn.NUMBERVALUE($BK24)))),""),"")} -> 12.176923 | DZ24: {=IF($BL24<>"",IFERROR(AVERAGE(_xlfn._xlws.FILTER($BE:$BE,($BA:$BA=$BI24)*($BC:$BC=_xlfn.NUMBERVALUE($BL24)))),""),"")} -> 28.359756 | EA24: {=IF($BM24<>"",IFERROR(AVERAGE(_xlfn._xlws.FILTER($BE:$BE,($BA:$BA=$BI24)*($BC:$BC=_xlfn.NUMBERVALUE($BM24)))),""),"")} -> 47.748864 | EB24: {=IF($BN24<>"",IFERROR(AVERAGE(_xlfn._xlws.FILTER($BE:$BE,($BA:$BA=$BI24)*($BC:$BC=_xlfn.NUMBERVALUE($BN24)))),""),"")} | EC24: {=IF($BO24<>"",IFERROR(AVERAGE(_xlfn._xlws.FILTER($BE:$BE,($BA:$BA=$BI24)*($BC:$BC=_xlfn.NUMBERVALUE($BO24)))),""),"")}
F25: 14 | G25: LOT0652 | H25: 45505 | I25: 31 | J25: 114 | K25: 4 | L25: {=COUNT(_xlfn._xlws.FILTER(BA:BA,(BA:BA=_xlfn.NUMBERVALUE(F25))*(BC:BC=_xlfn.NUMBERVALUE($C$2))*((BD:BD<$C$2+$D$2)*(BD:BD>$C$2-$D$2))))} -> 4 | M25: =IFERROR(L25/K25*100,"") -> 100 | N25: {=COUNT(_xlfn._xlws.FILTER(BA:BA,(BA:BA=_xlfn.NUMBERVALUE(F25))*(BC:BC=_xlfn.NUMBERVALUE($C$2))*((BD:BD>$C$2+$D$2)*(BD:BD<$C$2+2*$D$2)+(BD:BD<$C$2-$D$2)*(BD:BD>$C$2-2*$D$2))))} -> 0 | O25: =IFERROR(N25/K25*100,"") -> 0 | P25: {=COUNT(_xlfn._xlws.FILTER(BA:BA,(BA:BA=_xlfn.NUMBERVALUE(F25))*(BC:BC=_xlfn.NUMBERVALUE($C$2))*((BD:BD>$C$2+2*$D$2)*(BD:BD<$C$2+3*$D$2)+(BD:BD<$C$2-2*$D$2)*(BD:BD>$C$2-3*$D$2))))} -> 0 | Q25: =IFERROR(P25/K25*100,"") -> 0 | R25: {=COUNT(_xlfn._xlws.FILTER(BA:BA,(BA:BA=_xlfn.NUMBERVALUE(F25))*(BC:BC=_xlfn.NUMBERVALUE($C$2))*((BD:BD>$C$2+3*$D$2)+(BD:BD<$C$2-3*$D$2))))} -> 0 | S25: =IFERROR(R25/K25*100,"") -> 0 | T25: 35 | U25: {=COUNT(_xlfn._xlws.FILTER(BA:BA,(BA:BA=F25)*(BC:BC=_xlfn.NUMBERVALUE($C$3))*((BD:BD<=$C$3+$D$3)*(BD:BD>$C$3-$D$3))))} -> 25 | V25: =IFERROR(U25/T25*100,"") -> 71.428571 | W25: {=COUNT(_xlfn._xlws.FILTER(BA:BA,(BA:BA=F25)*(BC:BC=_xlfn.NUMBERVALUE($C$3))*((BD:BD>$C$3+$D$3)*(BD:BD<$C$3+2*$D$3)+(BD:BD<$C$3-$D$3)*(BD:BD>$C$3-2*$D$3))))} -> 10 | X25: =IFERROR(W25/T25*100,"") -> 28.571429 | Y25: {=COUNT(_xlfn._xlws.FILTER(BA:BA,(BA:BA=F25)*(BC:BC=_xlfn.NUMBERVALUE($C$3))*((BD:BD>$C$3+2*$D$3)*(BD:BD<$C$3+3*$D$3)+(BD:BD<$C$3-2*$D$3)*(BD:BD>$C$3-3*$D$3))))} -> 0 | Z25: =IFERROR(Y25/T25*100,"") -> 0 | AA25: {=COUNT(_xlfn._xlws.FILTER(BA:BA,(BA:BA=F25)*(BC:BC=_xlfn.NUMBERVALUE($C$3))*((BD:BD>=$C$3+3*$D$3)+(BD:BD<=$C$3-3*$D$3))))} -> 0 | AB25: =IFERROR(AA25/T25*100,"") -> 0 | AC25: 35 | AD25: {=COUNT(_xlfn._xlws.FILTER(BA:BA,(BA:BA=F25)*(BC:BC=_xlfn.NUMBERVALUE($C$4))*((BD:BD<=$C$4+$D$4)*(BD:BD>$C$4-$D$4))))} -> 20 | AE25: =IFERROR(AD25/AC25*100,"") -> 57.142857 | AF25: {=COUNT(_xlfn._xlws.FILTER(BA:BA,(BA:BA=F25)*(BC:BC=_xlfn.NUMBERVALUE($C$4))*((BD:BD>$C$4+$D$4)*(BD:BD<$C$4+2*$D$4)+(BD:BD<$C$4-$D$4)*(BD:BD>$C$4-2*$D$4))))} -> 15 | AG25: =IFERROR(AF25/AC25*100,"") -> 42.857143 | AH25: {=COUNT(_xlfn._xlws.FILTER(BA:BA,(BA:BA=F25)*(BC:BC=_xlfn.NUMBERVALUE($C$4))*((BD:BD>$C$4+2*$D$4)*(BD:BD<$C$4+3*$D$4)+(BD:BD<$C$4-2*$D$4)*(BD:BD>$C$4-3*$D$4))))} -> 3 | AI25: =IFERROR(AH25/AC25*100,"") -> 8.5714286 | AJ25: {=COUNT(_xlfn._xlws.FILTER(BA:BA,(BA:BA=F25)*(BC:BC=_xlfn.NUMBERVALUE($C$4))*((BD:BD>$C$4+3*$D$4)+(BD:BD<$C$4-3*$D$4))))} -> 0 | AK25: =IFERROR(AJ25/AC25*100,"") -> 0 | AL25: 35 | AM25: {=COUNT(_xlfn._xlws.FILTER(BA:BA,(BA:BA=F25)*(BC:BC=_xlfn.NUMBERVALUE($C$5))*((BD:BD<=$C$5+$D$5)*(BD:BD>$C$5-$D$5))))} -> 22 | AN25: =IFERROR(AM25/AL25*100,"") -> 62.857143 | AO25: {=COUNT(_xlfn._xlws.FILTER(BA:BA,(BA:BA=F25)*(BC:BC=_xlfn.NUMBERVALUE($C$5))*((BD:BD>$C$5+$D$5)*(BD:BD<$C$5+2*$D$5)+(BD:BD<$C$5-$D$5)*(BD:BD>$C$5-2*$D$5))))} -> 12 | AP25: =IFERROR(AO25/AL25*100,"") -> 34.285714 | AQ25: {=COUNT(_xlfn._xlws.FILTER(BA:BA,(BA:BA=F25)*(BC:BC=_xlfn.NUMBERVALUE($C$5))*((BD:BD>$C$5+2*$D$5)*(BD:BD<$C$5+3*$D$5)+(BD:BD<$C$5-2*$D$5)*(BD:BD>$C$5-3*$D$5))))} -> 3 | AR25: =IFERROR(AQ25/AL25*100,"") -> 8.5714286 | AS25: {=COUNT(_xlfn._xlws.FILTER(BA:BA,(BA:BA=F25)*(BC:BC=_xlfn.NUMBERVALUE($C$5))*((BD:BD>$C$5+3*$D$5)+(BD:BD<$C$5-3*$D$5))))} -> 0 | AT25: =IFERROR(AS25/AL25*100,"") -> 0 | AW25: 2.1 | AX25: 2.1 | AY25: R080_HI782-0_0.0_LOT0367_PWW49.2_QC.xlsx | AZ25: LOT0367 | BA25: 2 | BB25: P/Final | BC25: 15 | BD25: 16.4 | BE25: 0 | BF25: 0 | BG25: 45300 | BH25: LOT0970 | BI25: 24 | BJ25: 0 | BK25: 15 | BL25: 35 | BM25: 60 | BP25: 0.01 | BQ25: 15.769492 | BR25: 37.678873 | BS25: 60.522581 | BV25: 0 | BW25: 0 | BX25: 0 | BY25: 0 | BZ25: 1 | CA25: 1 | CB25: 1 | CC25: 7.8975 | CD25: 1.3675 | CE25: 1.3675 | CF25: 1.3675 | CG25: 1.3675 | CH25: 1.3675 | CI25: 1.3675 | CJ25: 10.325 | CK25: 1.8575 | CL25: 1.8575 | CM25: 1.8575 | CN25: 1.8575 | CO25: 1.8575 | CP25: 1.8575 | CQ25: 12.0175 | CR25: 2.47 | CS25: 2.47 | CT25: 2.47 | CU25: 2.47 | CV25: 2.47 | CW25: 2.47 | CX25: -67.41 | CY25: 0 | CZ25: 0 | DA25: 0 | DB25: 0 | DC25: 0 | DD25: 0 | DE25: 0 | DF25: 0 | DG25: 0 | DH25: 0 | DI25: 0 | DJ25: 0 | DK25: 0 | DL25: {=IF($BJ25<>"",IFERROR(AVERAGE(_xlfn._xlws.FILTER($BD:$BD,($BA:$BA=$BI25)*($BC:$BC=_xlfn.NUMBERVALUE($BJ25)))),""),"")} -> 0.01 | DM25: {=IF($BK25<>"",IFERROR(AVERAGE(_xlfn._xlws.FILTER($BD:$BD,($BA:$BA=$BI25)*($BC:$BC=_xlfn.NUMBERVALUE($BK25)))),""),"")} -> 15.769492 | DN25: {=IF($BL25<>"",IFERROR(AVERAGE(_xlfn._xlws.FILTER($BD:$BD,($BA:$BA=$BI25)*($BC:$BC=_xlfn.NUMBERVALUE($BL25)))),""),"")} -> 37.678873 | DO25: {=IF($BM25<>"",IFERROR(AVERAGE(_xlfn._xlws.FILTER($BD:$BD,($BA:$BA=$BI25)*($BC:$BC=_xlfn.NUMBERVALUE($BM25)))),""),"")} -> 60.522581 | DP25: {=IF($BN25<>"",IFERROR(AVERAGE(_xlfn._xlws.FILTER($BD:$BD,($BA:$BA=$BI25)*($BC:$BC=_xlfn.NUMBERVALUE($BN25)))),""),"")} | DQ25: {=IF($BO25<>"",IFERROR(AVERAGE(_xlfn._xlws.FILTER($BD:$BD,($BA:$BA=$BI25)*($BC:$BC=_xlfn.NUMBERVALUE($BO25)))),""),"")} | DR25: 0.01 | DS25: 15.801695 | DT25: 37.777465 | DU25: 60.659677 | DX25: {=IF($BJ25<>"",IFERROR(AVERAGE(_xlfn._xlws.FILTER($BE:$BE,($BA:$BA=$BI25)*($BC:$BC=_xlfn.NUMBERVALUE($BJ25)))),""),"")} -> 0.01 | DY25: {=IF($BK25<>"",IFERROR(AVERAGE(_xlfn._xlws.FILTER($BE:$BE,($BA:$BA=$BI25)*($BC:$BC=_xlfn.NUMBERVALUE($BK25)))),""),"")} -> 15.801695 | DZ25: {=IF($BL25<>"",IFERROR(AVERAGE(_xlfn._xlws.FILTER($BE:$BE,($BA:$BA=$BI25)*($BC:$BC=_xlfn.NUMBERVALUE($BL25)))),""),"")} -> 37.777465 | EA25: {=IF($BM25<>"",IFERROR(AVERAGE(_xlfn._xlws.FILTER($BE:$BE,($BA:$BA=$BI25)*($BC:$BC=_xlfn.NUMBERVALUE($BM25)))),""),"")} -> 60.659677 | EB25: {=IF($BN25<>"",IFERROR(AVERAGE(_xlfn._xlws.FILTER($BE:$BE,($BA:$BA=$BI25)*($BC:$BC=_xlfn.NUMBERVALUE($BN25)))),""),"")} | EC25: {=IF($BO25<>"",IFERROR(AVERAGE(_xlfn._xlws.FILTER($BE:$BE,($BA:$BA=$BI25)*($BC:$BC=_xlfn.NUMBERVALUE($BO25)))),""),"")}
F26: 15 | G26: LOT0654 | H26: 45511 | I26: 32 | J26: 55 | K26: 2 | L26: {=COUNT(_xlfn._xlws.FILTER(BA:BA,(BA:BA=_xlfn.NUMBERVALUE(F26))*(BC:BC=_xlfn.NUMBERVALUE($C$2))*((BD:BD<$C$2+$D$2)*(BD:BD>$C$2-$D$2))))} -> 2 | M26: =IFERROR(L26/K26*100,"") -> 100 | N26: {=COUNT(_xlfn._xlws.FILTER(BA:BA,(BA:BA=_xlfn.NUMBERVALUE(F26))*(BC:BC=_xlfn.NUMBERVALUE($C$2))*((BD:BD>$C$2+$D$2)*(BD:BD<$C$2+2*$D$2)+(BD:BD<$C$2-$D$2)*(BD:BD>$C$2-2*$D$2))))} -> 0 | O26: =IFERROR(N26/K26*100,"") -> 0 | P26: {=COUNT(_xlfn._xlws.FILTER(BA:BA,(BA:BA=_xlfn.NUMBERVALUE(F26))*(BC:BC=_xlfn.NUMBERVALUE($C$2))*((BD:BD>$C$2+2*$D$2)*(BD:BD<$C$2+3*$D$2)+(BD:BD<$C$2-2*$D$2)*(BD:BD>$C$2-3*$D$2))))} -> 0 | Q26: =IFERROR(P26/K26*100,"") -> 0 | R26: {=COUNT(_xlfn._xlws.FILTER(BA:BA,(BA:BA=_xlfn.NUMBERVALUE(F26))*(BC:BC=_xlfn.NUMBERVALUE($C$2))*((BD:BD>$C$2+3*$D$2)+(BD:BD<$C$2-3*$D$2))))} -> 0 | S26: =IFERROR(R26/K26*100,"") -> 0 | T26: 17 | U26: {=COUNT(_xlfn._xlws.FILTER(BA:BA,(BA:BA=F26)*(BC:BC=_xlfn.NUMBERVALUE($C$3))*((BD:BD<=$C$3+$D$3)*(BD:BD>$C$3-$D$3))))} -> 11 | V26: =IFERROR(U26/T26*100,"") -> 64.705882 | W26: {=COUNT(_xlfn._xlws.FILTER(BA:BA,(BA:BA=F26)*(BC:BC=_xlfn.NUMBERVALUE($C$3))*((BD:BD>$C$3+$D$3)*(BD:BD<$C$3+2*$D$3)+(BD:BD<$C$3-$D$3)*(BD:BD>$C$3-2*$D$3))))} -> 5 | X26: =IFERROR(W26/T26*100,"") -> 29.411765 | Y26: {=COUNT(_xlfn._xlws.FILTER(BA:BA,(BA:BA=F26)*(BC:BC=_xlfn.NUMBERVALUE($C$3))*((BD:BD>$C$3+2*$D$3)*(BD:BD<$C$3+3*$D$3)+(BD:BD<$C$3-2*$D$3)*(BD:BD>$C$3-3*$D$3))))} -> 1 | Z26: =IFERROR(Y26/T26*100,"") -> 5.8823529 | AA26: {=COUNT(_xlfn._xlws.FILTER(BA:BA,(BA:BA=F26)*(BC:BC=_xlfn.NUMBERVALUE($C$3))*((BD:BD>=$C$3+3*$D$3)+(BD:BD<=$C$3-3*$D$3))))} -> 0 | AB26: =IFERROR(AA26/T26*100,"") -> 0 | AC26: 17 | AD26: {=COUNT(_xlfn._xlws.FILTER(BA:BA,(BA:BA=F26)*(BC:BC=_xlfn.NUMBERVALUE($C$4))*((BD:BD<=$C$4+$D$4)*(BD:BD>$C$4-$D$4))))} -> 11 | AE26: =IFERROR(AD26/AC26*100,"") -> 64.705882 | AF26: {=COUNT(_xlfn._xlws.FILTER(BA:BA,(BA:BA=F26)*(BC:BC=_xlfn.NUMBERVALUE($C$4))*((BD:BD>$C$4+$D$4)*(BD:BD<$C$4+2*$D$4)+(BD:BD<$C$4-$D$4)*(BD:BD>$C$4-2*$D$4))))} -> 8 | AG26: =IFERROR(AF26/AC26*100,"") -> 47.058824 | AH26: {=COUNT(_xlfn._xlws.FILTER(BA:BA,(BA:BA=F26)*(BC:BC=_xlfn.NUMBERVALUE($C$4))*((BD:BD>$C$4+2*$D$4)*(BD:BD<$C$4+3*$D$4)+(BD:BD<$C$4-2*$D$4)*(BD:BD>$C$4-3*$D$4))))} -> 0 | AI26: =IFERROR(AH26/AC26*100,"") -> 0 | AJ26: {=COUNT(_xlfn._xlws.FILTER(BA:BA,(BA:BA=F26)*(BC:BC=_xlfn.NUMBERVALUE($C$4))*((BD:BD>$C$4+3*$D$4)+(BD:BD<$C$4-3*$D$4))))} -> 0 | AK26: =IFERROR(AJ26/AC26*100,"") -> 0 | AL26: 17 | AM26: {=COUNT(_xlfn._xlws.FILTER(BA:BA,(BA:BA=F26)*(BC:BC=_xlfn.NUMBERVALUE($C$5))*((BD:BD<=$C$5+$D$5)*(BD:BD>$C$5-$D$5))))} -> 6 | AN26: =IFERROR(AM26/AL26*100,"") -> 35.294118 | AO26: {=COUNT(_xlfn._xlws.FILTER(BA:BA,(BA:BA=F26)*(BC:BC=_xlfn.NUMBERVALUE($C$5))*((BD:BD>$C$5+$D$5)*(BD:BD<$C$5+2*$D$5)+(BD:BD<$C$5-$D$5)*(BD:BD>$C$5-2*$D$5))))} -> 7 | AP26: =IFERROR(AO26/AL26*100,"") -> 41.176471 | AQ26: {=COUNT(_xlfn._xlws.FILTER(BA:BA,(BA:BA=F26)*(BC:BC=_xlfn.NUMBERVALUE($C$5))*((BD:BD>$C$5+2*$D$5)*(BD:BD<$C$5+3*$D$5)+(BD:BD<$C$5-2*$D$5)*(BD:BD>$C$5-3*$D$5))))} -> 3 | AR26: =IFERROR(AQ26/AL26*100,"") -> 17.647059 | AS26: {=COUNT(_xlfn._xlws.FILTER(BA:BA,(BA:BA=F26)*(BC:BC=_xlfn.NUMBERVALUE($C$5))*((BD:BD>$C$5+3*$D$5)+(BD:BD<$C$5-3*$D$5))))} -> 1 | AT26: =IFERROR(AS26/AL26*100,"") -> 5.8823529 | AW26: 2.1 | AX26: 2.1 | AY26: R080_HI782-0_0.0_LOT0367_PWW49.2_QC.xlsx | AZ26: LOT0367 | BA26: 2 | BB26: P/Final | BC26: 15 | BD26: 16 | BE26: 0 | BF26: 0 | BG26: 45300 | BH26: LOT0972 | BI26: 25 | BJ26: 0 | BK26: 15 | BL26: 35 | BM26: 60 | BP26: 0 | BQ26: 15.727027 | BR26: 36.597368 | BS26: 58.95 | BV26: 0 | BW26: 0 | BX26: 0 | BY26: 0 | BZ26: 1 | CA26: 1 | CB26: 1 | CC26: 7.8975 | CD26: 1.3675 | CE26: 1.3675 | CF26: 1.3675 | CG26: 1.3675 | CH26: 1.3675 | CI26: 1.3675 | CJ26: 10.325 | CK26: 1.8575 | CL26: 1.8575 | CM26: 1.8575 | CN26: 1.8575 | CO26: 1.8575 | CP26: 1.8575 | CQ26: 12.0175 | CR26: 2.47 | CS26: 2.47 | CT26: 2.47 | CU26: 2.47 | CV26: 2.47 | CW26: 2.47 | CX26: -67.41 | CY26: 0 | CZ26: 0 | DA26: 0 | DB26: 0 | DC26: 0 | DD26: 0 | DE26: 0 | DF26: 0 | DG26: 0 | DH26: 0 | DI26: 0 | DJ26: 0 | DK26: 0 | DL26: {=IF($BJ26<>"",IFERROR(AVERAGE(_xlfn._xlws.FILTER($BD:$BD,($BA:$BA=$BI26)*($BC:$BC=_xlfn.NUMBERVALUE($BJ26)))),""),"")} -> 0 | DM26: {=IF($BK26<>"",IFERROR(AVERAGE(_xlfn._xlws.FILTER($BD:$BD,($BA:$BA=$BI26)*($BC:$BC=_xlfn.NUMBERVALUE($BK26)))),""),"")} -> 15.727027 | DN26: {=IF($BL26<>"",IFERROR(AVERAGE(_xlfn._xlws.FILTER($BD:$BD,($BA:$BA=$BI26)*($BC:$BC=_xlfn.NUMBERVALUE($BL26)))),""),"")} -> 36.597368 | DO26: {=IF($BM26<>"",IFERROR(AVERAGE(_xlfn._xlws.FILTER($BD:$BD,($BA:$BA=$BI26)*($BC:$BC=_xlfn.NUMBERVALUE($BM26)))),""),"")} -> 58.95 | DP26: {=IF($BN26<>"",IFERROR(AVERAGE(_xlfn._xlws.FILTER($BD:$BD,($BA:$BA=$BI26)*($BC:$BC=_xlfn.NUMBERVALUE($BN26)))),""),"")} | DQ26: {=IF($BO26<>"",IFERROR(AVERAGE(_xlfn._xlws.FILTER($BD:$BD,($BA:$BA=$BI26)*($BC:$BC=_xlfn.NUMBERVALUE($BO26)))),""),"")} | DR26: 0 | DS26: 15.77027 | DT26: 36.686842 | DU26: 59.191176 | DX26: {=IF($BJ26<>"",IFERROR(AVERAGE(_xlfn._xlws.FILTER($BE:$BE,($BA:$BA=$BI26)*($BC:$BC=_xlfn.NUMBERVALUE($BJ26)))),""),"")} -> 0 | DY26: {=IF($BK26<>"",IFERROR(AVERAGE(_xlfn._xlws.FILTER($BE:$BE,($BA:$BA=$BI26)*($BC:$BC=_xlfn.NUMBERVALUE($BK26)))),""),"")} -> 15.77027 | DZ26: {=IF($BL26<>"",IFERROR(AVERAGE(_xlfn._xlws.FILTER($BE:$BE,($BA:$BA=$BI26)*($BC:$BC=_xlfn.NUMBERVALUE($BL26)))),""),"")} -> 36.686842 | EA26: {=IF($BM26<>"",IFERROR(AVERAGE(_xlfn._xlws.FILTER($BE:$BE,($BA:$BA=$BI26)*($BC:$BC=_xlfn.NUMBERVALUE($BM26)))),""),"")} -> 59.191176 | EB26: {=IF($BN26<>"",IFERROR(AVERAGE(_xlfn._xlws.FILTER($BE:$BE,($BA:$BA=$BI26)*($BC:$BC=_xlfn.NUMBERVALUE($BN26)))),""),"")} | EC26: {=IF($BO26<>"",IFERROR(AVERAGE(_xlfn._xlws.FILTER($BE:$BE,($BA:$BA=$BI26)*($BC:$BC=_xlfn.NUMBERVALUE($BO26)))),""),"")}
F27: 16 | G27: LOT0667 | H27: 45545 | I27: 37 | J27: 175 | K27: 0 | L27: {=COUNT(_xlfn._xlws.FILTER(BA:BA,(BA:BA=_xlfn.NUMBERVALUE(F27))*(BC:BC=_xlfn.NUMBERVALUE($C$2))*((BD:BD<$C$2+$D$2)*(BD:BD>$C$2-$D$2))))} -> 0 | M27: =IFERROR(L27/K27*100,"") | N27: {=COUNT(_xlfn._xlws.FILTER(BA:BA,(BA:BA=_xlfn.NUMBERVALUE(F27))*(BC:BC=_xlfn.NUMBERVALUE($C$2))*((BD:BD>$C$2+$D$2)*(BD:BD<$C$2+2*$D$2)+(BD:BD<$C$2-$D$2)*(BD:BD>$C$2-2*$D$2))))} -> 0 | O27: =IFERROR(N27/K27*100,"") | P27: {=COUNT(_xlfn._xlws.FILTER(BA:BA,(BA:BA=_xlfn.NUMBERVALUE(F27))*(BC:BC=_xlfn.NUMBERVALUE($C$2))*((BD:BD>$C$2+2*$D$2)*(BD:BD<$C$2+3*$D$2)+(BD:BD<$C$2-2*$D$2)*(BD:BD>$C$2-3*$D$2))))} -> 0 | Q27: =IFERROR(P27/K27*100,"") | R27: {=COUNT(_xlfn._xlws.FILTER(BA:BA,(BA:BA=_xlfn.NUMBERVALUE(F27))*(BC:BC=_xlfn.NUMBERVALUE($C$2))*((BD:BD>$C$2+3*$D$2)+(BD:BD<$C$2-3*$D$2))))} -> 0 | S27: =IFERROR(R27/K27*100,"") | T27: 56 | U27: {=COUNT(_xlfn._xlws.FILTER(BA:BA,(BA:BA=F27)*(BC:BC=_xlfn.NUMBERVALUE($C$3))*((BD:BD<=$C$3+$D$3)*(BD:BD>$C$3-$D$3))))} -> 18 | V27: =IFERROR(U27/T27*100,"") -> 32.142857 | W27: {=COUNT(_xlfn._xlws.FILTER(BA:BA,(BA:BA=F27)*(BC:BC=_xlfn.NUMBERVALUE($C$3))*((BD:BD>$C$3+$D$3)*(BD:BD<$C$3+2*$D$3)+(BD:BD<$C$3-$D$3)*(BD:BD>$C$3-2*$D$3))))} -> 35 | X27: =IFERROR(W27/T27*100,"") -> 62.5 | Y27: {=COUNT(_xlfn._xlws.FILTER(BA:BA,(BA:BA=F27)*(BC:BC=_xlfn.NUMBERVALUE($C$3))*((BD:BD>$C$3+2*$D$3)*(BD:BD<$C$3+3*$D$3)+(BD:BD<$C$3-2*$D$3)*(BD:BD>$C$3-3*$D$3))))} -> 1 | Z27: =IFERROR(Y27/T27*100,"") -> 1.7857143 | AA27: {=COUNT(_xlfn._xlws.FILTER(BA:BA,(BA:BA=F27)*(BC:BC=_xlfn.NUMBERVALUE($C$3))*((BD:BD>=$C$3+3*$D$3)+(BD:BD<=$C$3-3*$D$3))))} -> 2 | AB27: =IFERROR(AA27/T27*100,"") -> 3.5714286 | AC27: 56 | AD27: {=COUNT(_xlfn._xlws.FILTER(BA:BA,(BA:BA=F27)*(BC:BC=_xlfn.NUMBERVALUE($C$4))*((BD:BD<=$C$4+$D$4)*(BD:BD>$C$4-$D$4))))} -> 38 | AE27: =IFERROR(AD27/AC27*100,"") -> 67.857143 | AF27: {=COUNT(_xlfn._xlws.FILTER(BA:BA,(BA:BA=F27)*(BC:BC=_xlfn.NUMBERVALUE($C$4))*((BD:BD>$C$4+$D$4)*(BD:BD<$C$4+2*$D$4)+(BD:BD<$C$4-$D$4)*(BD:BD>$C$4-2*$D$4))))} -> 21 | AG27: =IFERROR(AF27/AC27*100,"") -> 37.5 | AH27: {=COUNT(_xlfn._xlws.FILTER(BA:BA,(BA:BA=F27)*(BC:BC=_xlfn.NUMBERVALUE($C$4))*((BD:BD>$C$4+2*$D$4)*(BD:BD<$C$4+3*$D$4)+(BD:BD<$C$4-2*$D$4)*(BD:BD>$C$4-3*$D$4))))} -> 5 | AI27: =IFERROR(AH27/AC27*100,"") -> 8.9285714 | AJ27: {=COUNT(_xlfn._xlws.FILTER(BA:BA,(BA:BA=F27)*(BC:BC=_xlfn.NUMBERVALUE($C$4))*((BD:BD>$C$4+3*$D$4)+(BD:BD<$C$4-3*$D$4))))} -> 3 | AK27: =IFERROR(AJ27/AC27*100,"") -> 5.3571429 | AL27: 56 | AM27: {=COUNT(_xlfn._xlws.FILTER(BA:BA,(BA:BA=F27)*(BC:BC=_xlfn.NUMBERVALUE($C$5))*((BD:BD<=$C$5+$D$5)*(BD:BD>$C$5-$D$5))))} -> 11 | AN27: =IFERROR(AM27/AL27*100,"") -> 19.642857 | AO27: {=COUNT(_xlfn._xlws.FILTER(BA:BA,(BA:BA=F27)*(BC:BC=_xlfn.NUMBERVALUE($C$5))*((BD:BD>$C$5+$D$5)*(BD:BD<$C$5+2*$D$5)+(BD:BD<$C$5-$D$5)*(BD:BD>$C$5-2*$D$5))))} -> 22 | AP27: =IFERROR(AO27/AL27*100,"") -> 39.285714 | AQ27: {=COUNT(_xlfn._xlws.FILTER(BA:BA,(BA:BA=F27)*(BC:BC=_xlfn.NUMBERVALUE($C$5))*((BD:BD>$C$5+2*$D$5)*(BD:BD<$C$5+3*$D$5)+(BD:BD<$C$5-2*$D$5)*(BD:BD>$C$5-3*$D$5))))} -> 12 | AR27: =IFERROR(AQ27/AL27*100,"") -> 21.428571 | AS27: {=COUNT(_xlfn._xlws.FILTER(BA:BA,(BA:BA=F27)*(BC:BC=_xlfn.NUMBERVALUE($C$5))*((BD:BD>$C$5+3*$D$5)+(BD:BD<$C$5-3*$D$5))))} -> 7 | AT27: =IFERROR(AS27/AL27*100,"") -> 12.5 | AW27: 2.1 | AX27: 2.1 | AY27: R080_HI782-0_0.0_LOT0367_PWW49.2_QC.xlsx | AZ27: LOT0367 | BA27: 2 | BB27: P/Final | BC27: 15 | BD27: 16.2 | BE27: 0 | BF27: 0 | BG27: 45300 | DL27: {=IF($BJ27<>"",IFERROR(AVERAGE(_xlfn._xlws.FILTER($BD:$BD,($BA:$BA=$BI27)*($BC:$BC=_xlfn.NUMBERVALUE($BJ27)))),""),"")} | DM27: {=IF($BK27<>"",IFERROR(AVERAGE(_xlfn._xlws.FILTER($BD:$BD,($BA:$BA=$BI27)*($BC:$BC=_xlfn.NUMBERVALUE($BK27)))),""),"")} | DN27: {=IF($BL27<>"",IFERROR(AVERAGE(_xlfn._xlws.FILTER($BD:$BD,($BA:$BA=$BI27)*($BC:$BC=_xlfn.NUMBERVALUE($BL27)))),""),"")} | DO27: {=IF($BM27<>"",IFERROR(AVERAGE(_xlfn._xlws.FILTER($BD:$BD,($BA:$BA=$BI27)*($BC:$BC=_xlfn.NUMBERVALUE($BM27)))),""),"")} | DP27: {=IF($BN27<>"",IFERROR(AVERAGE(_xlfn._xlws.FILTER($BD:$BD,($BA:$BA=$BI27)*($BC:$BC=_xlfn.NUMBERVALUE($BN27)))),""),"")} | DQ27: {=IF($BO27<>"",IFERROR(AVERAGE(_xlfn._xlws.FILTER($BD:$BD,($BA:$BA=$BI27)*($BC:$BC=_xlfn.NUMBERVALUE($BO27)))),""),"")} | DX27: {=IF($BJ27<>"",IFERROR(AVERAGE(_xlfn._xlws.FILTER($BE:$BE,($BA:$BA=$BI27)*($BC:$BC=_xlfn.NUMBERVALUE($BJ27)))),""),"")} | DY27: {=IF($BK27<>"",IFERROR(AVERAGE(_xlfn._xlws.FILTER($BE:$BE,($BA:$BA=$BI27)*($BC:$BC=_xlfn.NUMBERVALUE($BK27)))),""),"")} | DZ27: {=IF($BL27<>"",IFERROR(AVERAGE(_xlfn._xlws.FILTER($BE:$BE,($BA:$BA=$BI27)*($BC:$BC=_xlfn.NUMBERVALUE($BL27)))),""),"")} | EA27: {=IF($BM27<>"",IFERROR(AVERAGE(_xlfn._xlws.FILTER($BE:$BE,($BA:$BA=$BI27)*($BC:$BC=_xlfn.NUMBERVALUE($BM27)))),""),"")} | EB27: {=IF($BN27<>"",IFERROR(AVERAGE(_xlfn._xlws.FILTER($BE:$BE,($BA:$BA=$BI27)*($BC:$BC=_xlfn.NUMBERVALUE($BN27)))),""),"")} | EC27: {=IF($BO27<>"",IFERROR(AVERAGE(_xlfn._xlws.FILTER($BE:$BE,($BA:$BA=$BI27)*($BC:$BC=_xlfn.NUMBERVALUE($BO27)))),""),"")}
F28: 17 | G28: LOT0689 | H28: 45555 | I28: 39 | J28: 87 | K28: 4 | L28: {=COUNT(_xlfn._xlws.FILTER(BA:BA,(BA:BA=_xlfn.NUMBERVALUE(F28))*(BC:BC=_xlfn.NUMBERVALUE($C$2))*((BD:BD<$C$2+$D$2)*(BD:BD>$C$2-$D$2))))} -> 4 | M28: =IFERROR(L28/K28*100,"") -> 100 | N28: {=COUNT(_xlfn._xlws.FILTER(BA:BA,(BA:BA=_xlfn.NUMBERVALUE(F28))*(BC:BC=_xlfn.NUMBERVALUE($C$2))*((BD:BD>$C$2+$D$2)*(BD:BD<$C$2+2*$D$2)+(BD:BD<$C$2-$D$2)*(BD:BD>$C$2-2*$D$2))))} -> 0 | O28: =IFERROR(N28/K28*100,"") -> 0 | P28: {=COUNT(_xlfn._xlws.FILTER(BA:BA,(BA:BA=_xlfn.NUMBERVALUE(F28))*(BC:BC=_xlfn.NUMBERVALUE($C$2))*((BD:BD>$C$2+2*$D$2)*(BD:BD<$C$2+3*$D$2)+(BD:BD<$C$2-2*$D$2)*(BD:BD>$C$2-3*$D$2))))} -> 0 | Q28: =IFERROR(P28/K28*100,"") -> 0 | R28: {=COUNT(_xlfn._xlws.FILTER(BA:BA,(BA:BA=_xlfn.NUMBERVALUE(F28))*(BC:BC=_xlfn.NUMBERVALUE($C$2))*((BD:BD>$C$2+3*$D$2)+(BD:BD<$C$2-3*$D$2))))} -> 0 | S28: =IFERROR(R28/K28*100,"") -> 0 | T28: 26 | U28: {=COUNT(_xlfn._xlws.FILTER(BA:BA,(BA:BA=F28)*(BC:BC=_xlfn.NUMBERVALUE($C$3))*((BD:BD<=$C$3+$D$3)*(BD:BD>$C$3-$D$3))))} -> 18 | V28: =IFERROR(U28/T28*100,"") -> 69.230769 | W28: {=COUNT(_xlfn._xlws.FILTER(BA:BA,(BA:BA=F28)*(BC:BC=_xlfn.NUMBERVALUE($C$3))*((BD:BD>$C$3+$D$3)*(BD:BD<$C$3+2*$D$3)+(BD:BD<$C$3-$D$3)*(BD:BD>$C$3-2*$D$3))))} -> 8 | X28: =IFERROR(W28/T28*100,"") -> 30.769231 | Y28: {=COUNT(_xlfn._xlws.FILTER(BA:BA,(BA:BA=F28)*(BC:BC=_xlfn.NUMBERVALUE($C$3))*((BD:BD>$C$3+2*$D$3)*(BD:BD<$C$3+3*$D$3)+(BD:BD<$C$3-2*$D$3)*(BD:BD>$C$3-3*$D$3))))} -> 0 | Z28: =IFERROR(Y28/T28*100,"") -> 0 | AA28: {=COUNT(_xlfn._xlws.FILTER(BA:BA,(BA:BA=F28)*(BC:BC=_xlfn.NUMBERVALUE($C$3))*((BD:BD>=$C$3+3*$D$3)+(BD:BD<=$C$3-3*$D$3))))} -> 0 | AB28: =IFERROR(AA28/T28*100,"") -> 0 | AC28: 26 | AD28: {=COUNT(_xlfn._xlws.FILTER(BA:BA,(BA:BA=F28)*(BC:BC=_xlfn.NUMBERVALUE($C$4))*((BD:BD<=$C$4+$D$4)*(BD:BD>$C$4-$D$4))))} -> 19 | AE28: =IFERROR(AD28/AC28*100,"") -> 73.076923 | AF28: {=COUNT(_xlfn._xlws.FILTER(BA:BA,(BA:BA=F28)*(BC:BC=_xlfn.NUMBERVALUE($C$4))*((BD:BD>$C$4+$D$4)*(BD:BD<$C$4+2*$D$4)+(BD:BD<$C$4-$D$4)*(BD:BD>$C$4-2*$D$4))))} -> 11 | AG28: =IFERROR(AF28/AC28*100,"") -> 42.307692 | AH28: {=COUNT(_xlfn._xlws.FILTER(BA:BA,(BA:BA=F28)*(BC:BC=_xlfn.NUMBERVALUE($C$4))*((BD:BD>$C$4+2*$D$4)*(BD:BD<$C$4+3*$D$4)+(BD:BD<$C$4-2*$D$4)*(BD:BD>$C$4-3*$D$4))))} -> 0 | AI28: =IFERROR(AH28/AC28*100,"") -> 0 | AJ28: {=COUNT(_xlfn._xlws.FILTER(BA:BA,(BA:BA=F28)*(BC:BC=_xlfn.NUMBERVALUE($C$4))*((BD:BD>$C$4+3*$D$4)+(BD:BD<$C$4-3*$D$4))))} -> 0 | AK28: =IFERROR(AJ28/AC28*100,"") -> 0 | AL28: 26 | AM28: {=COUNT(_xlfn._xlws.FILTER(BA:BA,(BA:BA=F28)*(BC:BC=_xlfn.NUMBERVALUE($C$5))*((BD:BD<=$C$5+$D$5)*(BD:BD>$C$5-$D$5))))} -> 15 | AN28: =IFERROR(AM28/AL28*100,"") -> 57.692308 | AO28: {=COUNT(_xlfn._xlws.FILTER(BA:BA,(BA:BA=F28)*(BC:BC=_xlfn.NUMBERVALUE($C$5))*((BD:BD>$C$5+$D$5)*(BD:BD<$C$5+2*$D$5)+(BD:BD<$C$5-$D$5)*(BD:BD>$C$5-2*$D$5))))} -> 9 | AP28: =IFERROR(AO28/AL28*100,"") -> 34.615385 | AQ28: {=COUNT(_xlfn._xlws.FILTER(BA:BA,(BA:BA=F28)*(BC:BC=_xlfn.NUMBERVALUE($C$5))*((BD:BD>$C$5+2*$D$5)*(BD:BD<$C$5+3*$D$5)+(BD:BD<$C$5-2*$D$5)*(BD:BD>$C$5-3*$D$5))))} -> 1 | AR28: =IFERROR(AQ28/AL28*100,"") -> 3.8461538 | AS28: {=COUNT(_xlfn._xlws.FILTER(BA:BA,(BA:BA=F28)*(BC:BC=_xlfn.NUMBERVALUE($C$5))*((BD:BD>$C$5+3*$D$5)+(BD:BD<$C$5-3*$D$5))))} -> 2 | AT28: =IFERROR(AS28/AL28*100,"") -> 7.6923077 | AW28: 2.1 | AX28: 2.1 | AY28: R080_HI782-0_0.0_LOT0367_PWW49.2_QC.xlsx | AZ28: LOT0367 | BA28: 2 | BB28: P/Final | BC28: 15 | BD28: 16.6 | BE28: 0 | BF28: 0 | BG28: 45300 | DL28: {=IF($BJ28<>"",IFERROR(AVERAGE(_xlfn._xlws.FILTER($BD:$BD,($BA:$BA=$BI28)*($BC:$BC=_xlfn.NUMBERVALUE($BJ28)))),""),"")} | DM28: {=IF($BK28<>"",IFERROR(AVERAGE(_xlfn._xlws.FILTER($BD:$BD,($BA:$BA=$BI28)*($BC:$BC=_xlfn.NUMBERVALUE($BK28)))),""),"")} | DN28: {=IF($BL28<>"",IFERROR(AVERAGE(_xlfn._xlws.FILTER($BD:$BD,($BA:$BA=$BI28)*($BC:$BC=_xlfn.NUMBERVALUE($BL28)))),""),"")} | DO28: {=IF($BM28<>"",IFERROR(AVERAGE(_xlfn._xlws.FILTER($BD:$BD,($BA:$BA=$BI28)*($BC:$BC=_xlfn.NUMBERVALUE($BM28)))),""),"")} | DP28: {=IF($BN28<>"",IFERROR(AVERAGE(_xlfn._xlws.FILTER($BD:$BD,($BA:$BA=$BI28)*($BC:$BC=_xlfn.NUMBERVALUE($BN28)))),""),"")} | DQ28: {=IF($BO28<>"",IFERROR(AVERAGE(_xlfn._xlws.FILTER($BD:$BD,($BA:$BA=$BI28)*($BC:$BC=_xlfn.NUMBERVALUE($BO28)))),""),"")} | DX28: {=IF($BJ28<>"",IFERROR(AVERAGE(_xlfn._xlws.FILTER($BE:$BE,($BA:$BA=$BI28)*($BC:$BC=_xlfn.NUMBERVALUE($BJ28)))),""),"")} | DY28: {=IF($BK28<>"",IFERROR(AVERAGE(_xlfn._xlws.FILTER($BE:$BE,($BA:$BA=$BI28)*($BC:$BC=_xlfn.NUMBERVALUE($BK28)))),""),"")} | DZ28: {=IF($BL28<>"",IFERROR(AVERAGE(_xlfn._xlws.FILTER($BE:$BE,($BA:$BA=$BI28)*($BC:$BC=_xlfn.NUMBERVALUE($BL28)))),""),"")} | EA28: {=IF($BM28<>"",IFERROR(AVERAGE(_xlfn._xlws.FILTER($BE:$BE,($BA:$BA=$BI28)*($BC:$BC=_xlfn.NUMBERVALUE($BM28)))),""),"")} | EB28: {=IF($BN28<>"",IFERROR(AVERAGE(_xlfn._xlws.FILTER($BE:$BE,($BA:$BA=$BI28)*($BC:$BC=_xlfn.NUMBERVALUE($BN28)))),""),"")} | EC28: {=IF($BO28<>"",IFERROR(AVERAGE(_xlfn._xlws.FILTER($BE:$BE,($BA:$BA=$BI28)*($BC:$BC=_xlfn.NUMBERVALUE($BO28)))),""),"")}
F29: 18 | G29: LOT0696 | H29: 45559 | I29: 39 | J29: 150 | K29: 2 | L29: {=COUNT(_xlfn._xlws.FILTER(BA:BA,(BA:BA=_xlfn.NUMBERVALUE(F29))*(BC:BC=_xlfn.NUMBERVALUE($C$2))*((BD:BD<$C$2+$D$2)*(BD:BD>$C$2-$D$2))))} -> 2 | M29: =IFERROR(L29/K29*100,"") -> 100 | N29: {=COUNT(_xlfn._xlws.FILTER(BA:BA,(BA:BA=_xlfn.NUMBERVALUE(F29))*(BC:BC=_xlfn.NUMBERVALUE($C$2))*((BD:BD>$C$2+$D$2)*(BD:BD<$C$2+2*$D$2)+(BD:BD<$C$2-$D$2)*(BD:BD>$C$2-2*$D$2))))} -> 0 | O29: =IFERROR(N29/K29*100,"") -> 0 | P29: {=COUNT(_xlfn._xlws.FILTER(BA:BA,(BA:BA=_xlfn.NUMBERVALUE(F29))*(BC:BC=_xlfn.NUMBERVALUE($C$2))*((BD:BD>$C$2+2*$D$2)*(BD:BD<$C$2+3*$D$2)+(BD:BD<$C$2-2*$D$2)*(BD:BD>$C$2-3*$D$2))))} -> 0 | Q29: =IFERROR(P29/K29*100,"") -> 0 | R29: {=COUNT(_xlfn._xlws.FILTER(BA:BA,(BA:BA=_xlfn.NUMBERVALUE(F29))*(BC:BC=_xlfn.NUMBERVALUE($C$2))*((BD:BD>$C$2+3*$D$2)+(BD:BD<$C$2-3*$D$2))))} -> 0 | S29: =IFERROR(R29/K29*100,"") -> 0 | T29: 48 | U29: {=COUNT(_xlfn._xlws.FILTER(BA:BA,(BA:BA=F29)*(BC:BC=_xlfn.NUMBERVALUE($C$3))*((BD:BD<=$C$3+$D$3)*(BD:BD>$C$3-$D$3))))} -> 32 | V29: =IFERROR(U29/T29*100,"") -> 66.666667 | W29: {=COUNT(_xlfn._xlws.FILTER(BA:BA,(BA:BA=F29)*(BC:BC=_xlfn.NUMBERVALUE($C$3))*((BD:BD>$C$3+$D$3)*(BD:BD<$C$3+2*$D$3)+(BD:BD<$C$3-$D$3)*(BD:BD>$C$3-2*$D$3))))} -> 13 | X29: =IFERROR(W29/T29*100,"") -> 27.083333 | Y29: {=COUNT(_xlfn._xlws.FILTER(BA:BA,(BA:BA=F29)*(BC:BC=_xlfn.NUMBERVALUE($C$3))*((BD:BD>$C$3+2*$D$3)*(BD:BD<$C$3+3*$D$3)+(BD:BD<$C$3-2*$D$3)*(BD:BD>$C$3-3*$D$3))))} -> 3 | Z29: =IFERROR(Y29/T29*100,"") -> 6.25 | AA29: {=COUNT(_xlfn._xlws.FILTER(BA:BA,(BA:BA=F29)*(BC:BC=_xlfn.NUMBERVALUE($C$3))*((BD:BD>=$C$3+3*$D$3)+(BD:BD<=$C$3-3*$D$3))))} -> 0 | AB29: =IFERROR(AA29/T29*100,"") -> 0 | AC29: 48 | AD29: {=COUNT(_xlfn._xlws.FILTER(BA:BA,(BA:BA=F29)*(BC:BC=_xlfn.NUMBERVALUE($C$4))*((BD:BD<=$C$4+$D$4)*(BD:BD>$C$4-$D$4))))} -> 31 | AE29: =IFERROR(AD29/AC29*100,"") -> 64.583333 | AF29: {=COUNT(_xlfn._xlws.FILTER(BA:BA,(BA:BA=F29)*(BC:BC=_xlfn.NUMBERVALUE($C$4))*((BD:BD>$C$4+$D$4)*(BD:BD<$C$4+2*$D$4)+(BD:BD<$C$4-$D$4)*(BD:BD>$C$4-2*$D$4))))} -> 17 | AG29: =IFERROR(AF29/AC29*100,"") -> 35.416667 | AH29: {=COUNT(_xlfn._xlws.FILTER(BA:BA,(BA:BA=F29)*(BC:BC=_xlfn.NUMBERVALUE($C$4))*((BD:BD>$C$4+2*$D$4)*(BD:BD<$C$4+3*$D$4)+(BD:BD<$C$4-2*$D$4)*(BD:BD>$C$4-3*$D$4))))} -> 5 | AI29: =IFERROR(AH29/AC29*100,"") -> 10.416667 | AJ29: {=COUNT(_xlfn._xlws.FILTER(BA:BA,(BA:BA=F29)*(BC:BC=_xlfn.NUMBERVALUE($C$4))*((BD:BD>$C$4+3*$D$4)+(BD:BD<$C$4-3*$D$4))))} -> 0 | AK29: =IFERROR(AJ29/AC29*100,"") -> 0 | AL29: 48 | AM29: {=COUNT(_xlfn._xlws.FILTER(BA:BA,(BA:BA=F29)*(BC:BC=_xlfn.NUMBERVALUE($C$5))*((BD:BD<=$C$5+$D$5)*(BD:BD>$C$5-$D$5))))} -> 18 | AN29: =IFERROR(AM29/AL29*100,"") -> 37.5 | AO29: {=COUNT(_xlfn._xlws.FILTER(BA:BA,(BA:BA=F29)*(BC:BC=_xlfn.NUMBERVALUE($C$5))*((BD:BD>$C$5+$D$5)*(BD:BD<$C$5+2*$D$5)+(BD:BD<$C$5-$D$5)*(BD:BD>$C$5-2*$D$5))))} -> 26 | AP29: =IFERROR(AO29/AL29*100,"") -> 54.166667 | AQ29: {=COUNT(_xlfn._xlws.FILTER(BA:BA,(BA:BA=F29)*(BC:BC=_xlfn.NUMBERVALUE($C$5))*((BD:BD>$C$5+2*$D$5)*(BD:BD<$C$5+3*$D$5)+(BD:BD<$C$5-2*$D$5)*(BD:BD>$C$5-3*$D$5))))} -> 2 | AR29: =IFERROR(AQ29/AL29*100,"") -> 4.1666667 | AS29: {=COUNT(_xlfn._xlws.FILTER(BA:BA,(BA:BA=F29)*(BC:BC=_xlfn.NUMBERVALUE($C$5))*((BD:BD>$C$5+3*$D$5)+(BD:BD<$C$5-3*$D$5))))} -> 1 | AT29: =IFERROR(AS29/AL29*100,"") -> 2.0833333 | AW29: 2.1 | AX29: 2.1 | AY29: R080_HI782-0_0.0_LOT0367_PWW49.2_QC.xlsx | AZ29: LOT0367 | BA29: 2 | BB29: P/Final | BC29: 35 | BD29: 37.7 | BE29: 0 | BF29: 0 | BG29: 45300 | BP29: {=IF($BJ29<>"",IFERROR(AVERAGE(_xlfn._xlws.FILTER($BD:$BD,($BA:$BA=$BI29)*($BC:$BC=_xlfn.NUMBERVALUE($BJ29)))),""),"")} | BQ29: {=IF($BK29<>"",IFERROR(AVERAGE(_xlfn._xlws.FILTER($BD:$BD,($BA:$BA=$BI29)*($BC:$BC=_xlfn.NUMBERVALUE($BK29)))),""),"")} | BR29: {=IF($BL29<>"",IFERROR(AVERAGE(_xlfn._xlws.FILTER($BD:$BD,($BA:$BA=$BI29)*($BC:$BC=_xlfn.NUMBERVALUE($BL29)))),""),"")} | BS29: {=IF($BM29<>"",IFERROR(AVERAGE(_xlfn._xlws.FILTER($BD:$BD,($BA:$BA=$BI29)*($BC:$BC=_xlfn.NUMBERVALUE($BM29)))),""),"")} | BT29: {=IF($BN29<>"",IFERROR(AVERAGE(_xlfn._xlws.FILTER($BD:$BD,($BA:$BA=$BI29)*($BC:$BC=_xlfn.NUMBERVALUE($BN29)))),""),"")} | BU29: {=IF($BO29<>"",IFERROR(AVERAGE(_xlfn._xlws.FILTER($BD:$BD,($BA:$BA=$BI29)*($BC:$BC=_xlfn.NUMBERVALUE($BO29)))),""),"")} | DL29: {=IF($BJ29<>"",IFERROR(AVERAGE(_xlfn._xlws.FILTER($BD:$BD,($BA:$BA=$BI29)*($BC:$BC=_xlfn.NUMBERVALUE($BJ29)))),""),"")} | DM29: {=IF($BK29<>"",IFERROR(AVERAGE(_xlfn._xlws.FILTER($BD:$BD,($BA:$BA=$BI29)*($BC:$BC=_xlfn.NUMBERVALUE($BK29)))),""),"")} | DN29: {=IF($BL29<>"",IFERROR(AVERAGE(_xlfn._xlws.FILTER($BD:$BD,($BA:$BA=$BI29)*($BC:$BC=_xlfn.NUMBERVALUE($BL29)))),""),"")} | DO29: {=IF($BM29<>"",IFERROR(AVERAGE(_xlfn._xlws.FILTER($BD:$BD,($BA:$BA=$BI29)*($BC:$BC=_xlfn.NUMBERVALUE($BM29)))),""),"")} | DP29: {=IF($BN29<>"",IFERROR(AVERAGE(_xlfn._xlws.FILTER($BD:$BD,($BA:$BA=$BI29)*($BC:$BC=_xlfn.NUMBERVALUE($BN29)))),""),"")} | DQ29: {=IF($BO29<>"",IFERROR(AVERAGE(_xlfn._xlws.FILTER($BD:$BD,($BA:$BA=$BI29)*($BC:$BC=_xlfn.NUMBERVALUE($BO29)))),""),"")} | DX29: {=IF($BJ29<>"",IFERROR(AVERAGE(_xlfn._xlws.FILTER($BE:$BE,($BA:$BA=$BI29)*($BC:$BC=_xlfn.NUMBERVALUE($BJ29)))),""),"")} | DY29: {=IF($BK29<>"",IFERROR(AVERAGE(_xlfn._xlws.FILTER($BE:$BE,($BA:$BA=$BI29)*($BC:$BC=_xlfn.NUMBERVALUE($BK29)))),""),"")} | DZ29: {=IF($BL29<>"",IFERROR(AVERAGE(_xlfn._xlws.FILTER($BE:$BE,($BA:$BA=$BI29)*($BC:$BC=_xlfn.NUMBERVALUE($BL29)))),""),"")} | EA29: {=IF($BM29<>"",IFERROR(AVERAGE(_xlfn._xlws.FILTER($BE:$BE,($BA:$BA=$BI29)*($BC:$BC=_xlfn.NUMBERVALUE($BM29)))),""),"")} | EB29: {=IF($BN29<>"",IFERROR(AVERAGE(_xlfn._xlws.FILTER($BE:$BE,($BA:$BA=$BI29)*($BC:$BC=_xlfn.NUMBERVALUE($BN29)))),""),"")} | EC29: {=IF($BO29<>"",IFERROR(AVERAGE(_xlfn._xlws.FILTER($BE:$BE,($BA:$BA=$BI29)*($BC:$BC=_xlfn.NUMBERVALUE($BO29)))),""),"")}
F30: 19 | G30: LOT0800 | H30: 45607 | I30: 46 | J30: 86 | K30: 16 | L30: {=COUNT(_xlfn._xlws.FILTER(BA:BA,(BA:BA=_xlfn.NUMBERVALUE(F30))*(BC:BC=_xlfn.NUMBERVALUE($C$2))*((BD:BD<$C$2+$D$2)*(BD:BD>$C$2-$D$2))))} -> 16 | M30: =IFERROR(L30/K30*100,"") -> 100 | N30: {=COUNT(_xlfn._xlws.FILTER(BA:BA,(BA:BA=_xlfn.NUMBERVALUE(F30))*(BC:BC=_xlfn.NUMBERVALUE($C$2))*((BD:BD>$C$2+$D$2)*(BD:BD<$C$2+2*$D$2)+(BD:BD<$C$2-$D$2)*(BD:BD>$C$2-2*$D$2))))} -> 0 | O30: =IFERROR(N30/K30*100,"") -> 0 | P30: {=COUNT(_xlfn._xlws.FILTER(BA:BA,(BA:BA=_xlfn.NUMBERVALUE(F30))*(BC:BC=_xlfn.NUMBERVALUE($C$2))*((BD:BD>$C$2+2*$D$2)*(BD:BD<$C$2+3*$D$2)+(BD:BD<$C$2-2*$D$2)*(BD:BD>$C$2-3*$D$2))))} -> 0 | Q30: =IFERROR(P30/K30*100,"") -> 0 | R30: {=COUNT(_xlfn._xlws.FILTER(BA:BA,(BA:BA=_xlfn.NUMBERVALUE(F30))*(BC:BC=_xlfn.NUMBERVALUE($C$2))*((BD:BD>$C$2+3*$D$2)+(BD:BD<$C$2-3*$D$2))))} -> 0 | S30: =IFERROR(R30/K30*100,"") -> 0 | T30: 24 | U30: {=COUNT(_xlfn._xlws.FILTER(BA:BA,(BA:BA=F30)*(BC:BC=_xlfn.NUMBERVALUE($C$3))*((BD:BD<=$C$3+$D$3)*(BD:BD>$C$3-$D$3))))} -> 13 | V30: =IFERROR(U30/T30*100,"") -> 54.166667 | W30: {=COUNT(_xlfn._xlws.FILTER(BA:BA,(BA:BA=F30)*(BC:BC=_xlfn.NUMBERVALUE($C$3))*((BD:BD>$C$3+$D$3)*(BD:BD<$C$3+2*$D$3)+(BD:BD<$C$3-$D$3)*(BD:BD>$C$3-2*$D$3))))} -> 11 | X30: =IFERROR(W30/T30*100,"") -> 45.833333 | Y30: {=COUNT(_xlfn._xlws.FILTER(BA:BA,(BA:BA=F30)*(BC:BC=_xlfn.NUMBERVALUE($C$3))*((BD:BD>$C$3+2*$D$3)*(BD:BD<$C$3+3*$D$3)+(BD:BD<$C$3-2*$D$3)*(BD:BD>$C$3-3*$D$3))))} -> 0 | Z30: =IFERROR(Y30/T30*100,"") -> 0 | AA30: {=COUNT(_xlfn._xlws.FILTER(BA:BA,(BA:BA=F30)*(BC:BC=_xlfn.NUMBERVALUE($C$3))*((BD:BD>=$C$3+3*$D$3)+(BD:BD<=$C$3-3*$D$3))))} -> 0 | AB30: =IFERROR(AA30/T30*100,"") -> 0 | AC30: 24 | AD30: {=COUNT(_xlfn._xlws.FILTER(BA:BA,(BA:BA=F30)*(BC:BC=_xlfn.NUMBERVALUE($C$4))*((BD:BD<=$C$4+$D$4)*(BD:BD>$C$4-$D$4))))} -> 9 | AE30: =IFERROR(AD30/AC30*100,"") -> 37.5 | AF30: {=COUNT(_xlfn._xlws.FILTER(BA:BA,(BA:BA=F30)*(BC:BC=_xlfn.NUMBERVALUE($C$4))*((BD:BD>$C$4+$D$4)*(BD:BD<$C$4+2*$D$4)+(BD:BD<$C$4-$D$4)*(BD:BD>$C$4-2*$D$4))))} -> 14 | AG30: =IFERROR(AF30/AC30*100,"") -> 58.333333 | AH30: {=COUNT(_xlfn._xlws.FILTER(BA:BA,(BA:BA=F30)*(BC:BC=_xlfn.NUMBERVALUE($C$4))*((BD:BD>$C$4+2*$D$4)*(BD:BD<$C$4+3*$D$4)+(BD:BD<$C$4-2*$D$4)*(BD:BD>$C$4-3*$D$4))))} -> 2 | AI30: =IFERROR(AH30/AC30*100,"") -> 8.3333333 | AJ30: {=COUNT(_xlfn._xlws.FILTER(BA:BA,(BA:BA=F30)*(BC:BC=_xlfn.NUMBERVALUE($C$4))*((BD:BD>$C$4+3*$D$4)+(BD:BD<$C$4-3*$D$4))))} -> 0 | AK30: =IFERROR(AJ30/AC30*100,"") -> 0 | AL30: 24 | AM30: {=COUNT(_xlfn._xlws.FILTER(BA:BA,(BA:BA=F30)*(BC:BC=_xlfn.NUMBERVALUE($C$5))*((BD:BD<=$C$5+$D$5)*(BD:BD>$C$5-$D$5))))} -> 4 | AN30: =IFERROR(AM30/AL30*100,"") -> 16.666667 | AO30: {=COUNT(_xlfn._xlws.FILTER(BA:BA,(BA:BA=F30)*(BC:BC=_xlfn.NUMBERVALUE($C$5))*((BD:BD>$C$5+$D$5)*(BD:BD<$C$5+2*$D$5)+(BD:BD<$C$5-$D$5)*(BD:BD>$C$5-2*$D$5))))} -> 13 | AP30: =IFERROR(AO30/AL30*100,"") -> 54.166667 | AQ30: {=COUNT(_xlfn._xlws.FILTER(BA:BA,(BA:BA=F30)*(BC:BC=_xlfn.NUMBERVALUE($C$5))*((BD:BD>$C$5+2*$D$5)*(BD:BD<$C$5+3*$D$5)+(BD:BD<$C$5-2*$D$5)*(BD:BD>$C$5-3*$D$5))))} -> 3 | AR30: =IFERROR(AQ30/AL30*100,"") -> 12.5 | AS30: {=COUNT(_xlfn._xlws.FILTER(BA:BA,(BA:BA=F30)*(BC:BC=_xlfn.NUMBERVALUE($C$5))*((BD:BD>$C$5+3*$D$5)+(BD:BD<$C$5-3*$D$5))))} -> 1 | AT30: =IFERROR(AS30/AL30*100,"") -> 4.1666667 | AW30: 2.1 | AX30: 2.1 | AY30: R080_HI782-0_0.0_LOT0367_PWW49.2_QC.xlsx | AZ30: LOT0367 | BA30: 2 | BB30: P/Final | BC30: 35 | BD30: 38 | BE30: 0 | BF30: 0 | BG30: 45300 | BP30: {=IF($BJ30<>"",IFERROR(AVERAGE(_xlfn._xlws.FILTER($BD:$BD,($BA:$BA=$BI30)*($BC:$BC=_xlfn.NUMBERVALUE($BJ30)))),""),"")} | BQ30: {=IF($BK30<>"",IFERROR(AVERAGE(_xlfn._xlws.FILTER($BD:$BD,($BA:$BA=$BI30)*($BC:$BC=_xlfn.NUMBERVALUE($BK30)))),""),"")} | BR30: {=IF($BL30<>"",IFERROR(AVERAGE(_xlfn._xlws.FILTER($BD:$BD,($BA:$BA=$BI30)*($BC:$BC=_xlfn.NUMBERVALUE($BL30)))),""),"")} | BS30: {=IF($BM30<>"",IFERROR(AVERAGE(_xlfn._xlws.FILTER($BD:$BD,($BA:$BA=$BI30)*($BC:$BC=_xlfn.NUMBERVALUE($BM30)))),""),"")} | BT30: {=IF($BN30<>"",IFERROR(AVERAGE(_xlfn._xlws.FILTER($BD:$BD,($BA:$BA=$BI30)*($BC:$BC=_xlfn.NUMBERVALUE($BN30)))),""),"")} | BU30: {=IF($BO30<>"",IFERROR(AVERAGE(_xlfn._xlws.FILTER($BD:$BD,($BA:$BA=$BI30)*($BC:$BC=_xlfn.NUMBERVALUE($BO30)))),""),"")} | DL30: {=IF($BJ30<>"",IFERROR(AVERAGE(_xlfn._xlws.FILTER($BD:$BD,($BA:$BA=$BI30)*($BC:$BC=_xlfn.NUMBERVALUE($BJ30)))),""),"")} | DM30: {=IF($BK30<>"",IFERROR(AVERAGE(_xlfn._xlws.FILTER($BD:$BD,($BA:$BA=$BI30)*($BC:$BC=_xlfn.NUMBERVALUE($BK30)))),""),"")} | DN30: {=IF($BL30<>"",IFERROR(AVERAGE(_xlfn._xlws.FILTER($BD:$BD,($BA:$BA=$BI30)*($BC:$BC=_xlfn.NUMBERVALUE($BL30)))),""),"")} | DO30: {=IF($BM30<>"",IFERROR(AVERAGE(_xlfn._xlws.FILTER($BD:$BD,($BA:$BA=$BI30)*($BC:$BC=_xlfn.NUMBERVALUE($BM30)))),""),"")} | DP30: {=IF($BN30<>"",IFERROR(AVERAGE(_xlfn._xlws.FILTER($BD:$BD,($BA:$BA=$BI30)*($BC:$BC=_xlfn.NUMBERVALUE($BN30)))),""),"")} | DQ30: {=IF($BO30<>"",IFERROR(AVERAGE(_xlfn._xlws.FILTER($BD:$BD,($BA:$BA=$BI30)*($BC:$BC=_xlfn.NUMBERVALUE($BO30)))),""),"")} | DX30: {=IF($BJ30<>"",IFERROR(AVERAGE(_xlfn._xlws.FILTER($BE:$BE,($BA:$BA=$BI30)*($BC:$BC=_xlfn.NUMBERVALUE($BJ30)))),""),"")} | DY30: {=IF($BK30<>"",IFERROR(AVERAGE(_xlfn._xlws.FILTER($BE:$BE,($BA:$BA=$BI30)*($BC:$BC=_xlfn.NUMBERVALUE($BK30)))),""),"")} | DZ30: {=IF($BL30<>"",IFERROR(AVERAGE(_xlfn._xlws.FILTER($BE:$BE,($BA:$BA=$BI30)*($BC:$BC=_xlfn.NUMBERVALUE($BL30)))),""),"")} | EA30: {=IF($BM30<>"",IFERROR(AVERAGE(_xlfn._xlws.FILTER($BE:$BE,($BA:$BA=$BI30)*($BC:$BC=_xlfn.NUMBERVALUE($BM30)))),""),"")} | EB30: {=IF($BN30<>"",IFERROR(AVERAGE(_xlfn._xlws.FILTER($BE:$BE,($BA:$BA=$BI30)*($BC:$BC=_xlfn.NUMBERVALUE($BN30)))),""),"")} | EC30: {=IF($BO30<>"",IFERROR(AVERAGE(_xlfn._xlws.FILTER($BE:$BE,($BA:$BA=$BI30)*($BC:$BC=_xlfn.NUMBERVALUE($BO30)))),""),"")}
F31: 20 | G31: LOT0869 | H31: 45642 | I31: 51 | J31: 214 | K31: 10 | L31: {=COUNT(_xlfn._xlws.FILTER(BA:BA,(BA:BA=_xlfn.NUMBERVALUE(F31))*(BC:BC=_xlfn.NUMBERVALUE($C$2))*((BD:BD<$C$2+$D$2)*(BD:BD>$C$2-$D$2))))} -> 10 | M31: =IFERROR(L31/K31*100,"") -> 100 | N31: {=COUNT(_xlfn._xlws.FILTER(BA:BA,(BA:BA=_xlfn.NUMBERVALUE(F31))*(BC:BC=_xlfn.NUMBERVALUE($C$2))*((BD:BD>$C$2+$D$2)*(BD:BD<$C$2+2*$D$2)+(BD:BD<$C$2-$D$2)*(BD:BD>$C$2-2*$D$2))))} -> 0 | O31: =IFERROR(N31/K31*100,"") -> 0 | P31: {=COUNT(_xlfn._xlws.FILTER(BA:BA,(BA:BA=_xlfn.NUMBERVALUE(F31))*(BC:BC=_xlfn.NUMBERVALUE($C$2))*((BD:BD>$C$2+2*$D$2)*(BD:BD<$C$2+3*$D$2)+(BD:BD<$C$2-2*$D$2)*(BD:BD>$C$2-3*$D$2))))} -> 0 | Q31: =IFERROR(P31/K31*100,"") -> 0 | R31: {=COUNT(_xlfn._xlws.FILTER(BA:BA,(BA:BA=_xlfn.NUMBERVALUE(F31))*(BC:BC=_xlfn.NUMBERVALUE($C$2))*((BD:BD>$C$2+3*$D$2)+(BD:BD<$C$2-3*$D$2))))} -> 0 | S31: =IFERROR(R31/K31*100,"") -> 0 | T31: 64 | U31: {=COUNT(_xlfn._xlws.FILTER(BA:BA,(BA:BA=F31)*(BC:BC=_xlfn.NUMBERVALUE($C$3))*((BD:BD<=$C$3+$D$3)*(BD:BD>$C$3-$D$3))))} -> 56 | V31: =IFERROR(U31/T31*100,"") -> 87.5 | W31: {=COUNT(_xlfn._xlws.FILTER(BA:BA,(BA:BA=F31)*(BC:BC=_xlfn.NUMBERVALUE($C$3))*((BD:BD>$C$3+$D$3)*(BD:BD<$C$3+2*$D$3)+(BD:BD<$C$3-$D$3)*(BD:BD>$C$3-2*$D$3))))} -> 8 | X31: =IFERROR(W31/T31*100,"") -> 12.5 | Y31: {=COUNT(_xlfn._xlws.FILTER(BA:BA,(BA:BA=F31)*(BC:BC=_xlfn.NUMBERVALUE($C$3))*((BD:BD>$C$3+2*$D$3)*(BD:BD<$C$3+3*$D$3)+(BD:BD<$C$3-2*$D$3)*(BD:BD>$C$3-3*$D$3))))} -> 0 | Z31: =IFERROR(Y31/T31*100,"") -> 0 | AA31: {=COUNT(_xlfn._xlws.FILTER(BA:BA,(BA:BA=F31)*(BC:BC=_xlfn.NUMBERVALUE($C$3))*((BD:BD>=$C$3+3*$D$3)+(BD:BD<=$C$3-3*$D$3))))} -> 0 | AB31: =IFERROR(AA31/T31*100,"") -> 0 | AC31: 64 | AD31: {=COUNT(_xlfn._xlws.FILTER(BA:BA,(BA:BA=F31)*(BC:BC=_xlfn.NUMBERVALUE($C$4))*((BD:BD<=$C$4+$D$4)*(BD:BD>$C$4-$D$4))))} -> 46 | AE31: =IFERROR(AD31/AC31*100,"") -> 71.875 | AF31: {=COUNT(_xlfn._xlws.FILTER(BA:BA,(BA:BA=F31)*(BC:BC=_xlfn.NUMBERVALUE($C$4))*((BD:BD>$C$4+$D$4)*(BD:BD<$C$4+2*$D$4)+(BD:BD<$C$4-$D$4)*(BD:BD>$C$4-2*$D$4))))} -> 24 | AG31: =IFERROR(AF31/AC31*100,"") -> 37.5 | AH31: {=COUNT(_xlfn._xlws.FILTER(BA:BA,(BA:BA=F31)*(BC:BC=_xlfn.NUMBERVALUE($C$4))*((BD:BD>$C$4+2*$D$4)*(BD:BD<$C$4+3*$D$4)+(BD:BD<$C$4-2*$D$4)*(BD:BD>$C$4-3*$D$4))))} -> 0 | AI31: =IFERROR(AH31/AC31*100,"") -> 0 | AJ31: {=COUNT(_xlfn._xlws.FILTER(BA:BA,(BA:BA=F31)*(BC:BC=_xlfn.NUMBERVALUE($C$4))*((BD:BD>$C$4+3*$D$4)+(BD:BD<$C$4-3*$D$4))))} -> 0 | AK31: =IFERROR(AJ31/AC31*100,"") -> 0 | AL31: 64 | AM31: {=COUNT(_xlfn._xlws.FILTER(BA:BA,(BA:BA=F31)*(BC:BC=_xlfn.NUMBERVALUE($C$5))*((BD:BD<=$C$5+$D$5)*(BD:BD>$C$5-$D$5))))} -> 22 | AN31: =IFERROR(AM31/AL31*100,"") -> 34.375 | AO31: {=COUNT(_xlfn._xlws.FILTER(BA:BA,(BA:BA=F31)*(BC:BC=_xlfn.NUMBERVALUE($C$5))*((BD:BD>$C$5+$D$5)*(BD:BD<$C$5+2*$D$5)+(BD:BD<$C$5-$D$5)*(BD:BD>$C$5-2*$D$5))))} -> 45 | AP31: =IFERROR(AO31/AL31*100,"") -> 70.3125 | AQ31: {=COUNT(_xlfn._xlws.FILTER(BA:BA,(BA:BA=F31)*(BC:BC=_xlfn.NUMBERVALUE($C$5))*((BD:BD>$C$5+2*$D$5)*(BD:BD<$C$5+3*$D$5)+(BD:BD<$C$5-2*$D$5)*(BD:BD>$C$5-3*$D$5))))} -> 2 | AR31: =IFERROR(AQ31/AL31*100,"") -> 3.125 | AS31: {=COUNT(_xlfn._xlws.FILTER(BA:BA,(BA:BA=F31)*(BC:BC=_xlfn.NUMBERVALUE($C$5))*((BD:BD>$C$5+3*$D$5)+(BD:BD<$C$5-3*$D$5))))} -> 1 | AT31: =IFERROR(AS31/AL31*100,"") -> 1.5625 | AW31: 2.1 | AX31: 2.1 | AY31: R080_HI782-0_0.0_LOT0367_PWW49.2_QC.xlsx | AZ31: LOT0367 | BA31: 2 | BB31: P/Final | BC31: 35 | BD31: 38.6 | BE31: 0 | BF31: 0 | BG31: 45300 | BP31: {=IF($BJ31<>"",IFERROR(AVERAGE(_xlfn._xlws.FILTER($BD:$BD,($BA:$BA=$BI31)*($BC:$BC=_xlfn.NUMBERVALUE($BJ31)))),""),"")} | BQ31: {=IF($BK31<>"",IFERROR(AVERAGE(_xlfn._xlws.FILTER($BD:$BD,($BA:$BA=$BI31)*($BC:$BC=_xlfn.NUMBERVALUE($BK31)))),""),"")} | BR31: {=IF($BL31<>"",IFERROR(AVERAGE(_xlfn._xlws.FILTER($BD:$BD,($BA:$BA=$BI31)*($BC:$BC=_xlfn.NUMBERVALUE($BL31)))),""),"")} | BS31: {=IF($BM31<>"",IFERROR(AVERAGE(_xlfn._xlws.FILTER($BD:$BD,($BA:$BA=$BI31)*($BC:$BC=_xlfn.NUMBERVALUE($BM31)))),""),"")} | BT31: {=IF($BN31<>"",IFERROR(AVERAGE(_xlfn._xlws.FILTER($BD:$BD,($BA:$BA=$BI31)*($BC:$BC=_xlfn.NUMBERVALUE($BN31)))),""),"")} | BU31: {=IF($BO31<>"",IFERROR(AVERAGE(_xlfn._xlws.FILTER($BD:$BD,($BA:$BA=$BI31)*($BC:$BC=_xlfn.NUMBERVALUE($BO31)))),""),"")} | DL31: {=IF($BJ31<>"",IFERROR(AVERAGE(_xlfn._xlws.FILTER($BD:$BD,($BA:$BA=$BI31)*($BC:$BC=_xlfn.NUMBERVALUE($BJ31)))),""),"")} | DM31: {=IF($BK31<>"",IFERROR(AVERAGE(_xlfn._xlws.FILTER($BD:$BD,($BA:$BA=$BI31)*($BC:$BC=_xlfn.NUMBERVALUE($BK31)))),""),"")} | DN31: {=IF($BL31<>"",IFERROR(AVERAGE(_xlfn._xlws.FILTER($BD:$BD,($BA:$BA=$BI31)*($BC:$BC=_xlfn.NUMBERVALUE($BL31)))),""),"")} | DO31: {=IF($BM31<>"",IFERROR(AVERAGE(_xlfn._xlws.FILTER($BD:$BD,($BA:$BA=$BI31)*($BC:$BC=_xlfn.NUMBERVALUE($BM31)))),""),"")} | DP31: {=IF($BN31<>"",IFERROR(AVERAGE(_xlfn._xlws.FILTER($BD:$BD,($BA:$BA=$BI31)*($BC:$BC=_xlfn.NUMBERVALUE($BN31)))),""),"")} | DQ31: {=IF($BO31<>"",IFERROR(AVERAGE(_xlfn._xlws.FILTER($BD:$BD,($BA:$BA=$BI31)*($BC:$BC=_xlfn.NUMBERVALUE($BO31)))),""),"")} | DX31: {=IF($BJ31<>"",IFERROR(AVERAGE(_xlfn._xlws.FILTER($BE:$BE,($BA:$BA=$BI31)*($BC:$BC=_xlfn.NUMBERVALUE($BJ31)))),""),"")} | DY31: {=IF($BK31<>"",IFERROR(AVERAGE(_xlfn._xlws.FILTER($BE:$BE,($BA:$BA=$BI31)*($BC:$BC=_xlfn.NUMBERVALUE($BK31)))),""),"")} | DZ31: {=IF($BL31<>"",IFERROR(AVERAGE(_xlfn._xlws.FILTER($BE:$BE,($BA:$BA=$BI31)*($BC:$BC=_xlfn.NUMBERVALUE($BL31)))),""),"")} | EA31: {=IF($BM31<>"",IFERROR(AVERAGE(_xlfn._xlws.FILTER($BE:$BE,($BA:$BA=$BI31)*($BC:$BC=_xlfn.NUMBERVALUE($BM31)))),""),"")} | EB31: {=IF($BN31<>"",IFERROR(AVERAGE(_xlfn._xlws.FILTER($BE:$BE,($BA:$BA=$BI31)*($BC:$BC=_xlfn.NUMBERVALUE($BN31)))),""),"")} | EC31: {=IF($BO31<>"",IFERROR(AVERAGE(_xlfn._xlws.FILTER($BE:$BE,($BA:$BA=$BI31)*($BC:$BC=_xlfn.NUMBERVALUE($BO31)))),""),"")}
F32: 21 | G32: LOT0894 | H32: 45674 | I32: 4 | J32: 137 | K32: 26 | L32: {=COUNT(_xlfn._xlws.FILTER(BA:BA,(BA:BA=_xlfn.NUMBERVALUE(F32))*(BC:BC=_xlfn.NUMBERVALUE($C$2))*((BD:BD<$C$2+$D$2)*(BD:BD>$C$2-$D$2))))} -> 26 | M32: =IFERROR(L32/K32*100,"") -> 100 | N32: {=COUNT(_xlfn._xlws.FILTER(BA:BA,(BA:BA=_xlfn.NUMBERVALUE(F32))*(BC:BC=_xlfn.NUMBERVALUE($C$2))*((BD:BD>$C$2+$D$2)*(BD:BD<$C$2+2*$D$2)+(BD:BD<$C$2-$D$2)*(BD:BD>$C$2-2*$D$2))))} -> 0 | O32: =IFERROR(N32/K32*100,"") -> 0 | P32: {=COUNT(_xlfn._xlws.FILTER(BA:BA,(BA:BA=_xlfn.NUMBERVALUE(F32))*(BC:BC=_xlfn.NUMBERVALUE($C$2))*((BD:BD>$C$2+2*$D$2)*(BD:BD<$C$2+3*$D$2)+(BD:BD<$C$2-2*$D$2)*(BD:BD>$C$2-3*$D$2))))} -> 0 | Q32: =IFERROR(P32/K32*100,"") -> 0 | R32: {=COUNT(_xlfn._xlws.FILTER(BA:BA,(BA:BA=_xlfn.NUMBERVALUE(F32))*(BC:BC=_xlfn.NUMBERVALUE($C$2))*((BD:BD>$C$2+3*$D$2)+(BD:BD<$C$2-3*$D$2))))} -> 0 | S32: =IFERROR(R32/K32*100,"") -> 0 | T32: 37 | U32: {=COUNT(_xlfn._xlws.FILTER(BA:BA,(BA:BA=F32)*(BC:BC=_xlfn.NUMBERVALUE($C$3))*((BD:BD<=$C$3+$D$3)*(BD:BD>$C$3-$D$3))))} -> 32 | V32: =IFERROR(U32/T32*100,"") -> 86.486486 | W32: {=COUNT(_xlfn._xlws.FILTER(BA:BA,(BA:BA=F32)*(BC:BC=_xlfn.NUMBERVALUE($C$3))*((BD:BD>$C$3+$D$3)*(BD:BD<$C$3+2*$D$3)+(BD:BD<$C$3-$D$3)*(BD:BD>$C$3-2*$D$3))))} -> 4 | X32: =IFERROR(W32/T32*100,"") -> 10.810811 | Y32: {=COUNT(_xlfn._xlws.FILTER(BA:BA,(BA:BA=F32)*(BC:BC=_xlfn.NUMBERVALUE($C$3))*((BD:BD>$C$3+2*$D$3)*(BD:BD<$C$3+3*$D$3)+(BD:BD<$C$3-2*$D$3)*(BD:BD>$C$3-3*$D$3))))} -> 0 | Z32: =IFERROR(Y32/T32*100,"") -> 0 | AA32: {=COUNT(_xlfn._xlws.FILTER(BA:BA,(BA:BA=F32)*(BC:BC=_xlfn.NUMBERVALUE($C$3))*((BD:BD>=$C$3+3*$D$3)+(BD:BD<=$C$3-3*$D$3))))} -> 1 | AB32: =IFERROR(AA32/T32*100,"") -> 2.7027027 | AC32: 37 | AD32: {=COUNT(_xlfn._xlws.FILTER(BA:BA,(BA:BA=F32)*(BC:BC=_xlfn.NUMBERVALUE($C$4))*((BD:BD<=$C$4+$D$4)*(BD:BD>$C$4-$D$4))))} -> 12 | AE32: =IFERROR(AD32/AC32*100,"") -> 32.432432 | AF32: {=COUNT(_xlfn._xlws.FILTER(BA:BA,(BA:BA=F32)*(BC:BC=_xlfn.NUMBERVALUE($C$4))*((BD:BD>$C$4+$D$4)*(BD:BD<$C$4+2*$D$4)+(BD:BD<$C$4-$D$4)*(BD:BD>$C$4-2*$D$4))))} -> 26 | AG32: =IFERROR(AF32/AC32*100,"") -> 70.27027 | AH32: {=COUNT(_xlfn._xlws.FILTER(BA:BA,(BA:BA=F32)*(BC:BC=_xlfn.NUMBERVALUE($C$4))*((BD:BD>$C$4+2*$D$4)*(BD:BD<$C$4+3*$D$4)+(BD:BD<$C$4-2*$D$4)*(BD:BD>$C$4-3*$D$4))))} -> 0 | AI32: =IFERROR(AH32/AC32*100,"") -> 0 | AJ32: {=COUNT(_xlfn._xlws.FILTER(BA:BA,(BA:BA=F32)*(BC:BC=_xlfn.NUMBERVALUE($C$4))*((BD:BD>$C$4+3*$D$4)+(BD:BD<$C$4-3*$D$4))))} -> 0 | AK32: =IFERROR(AJ32/AC32*100,"") -> 0 | AL32: 37 | AM32: {=COUNT(_xlfn._xlws.FILTER(BA:BA,(BA:BA=F32)*(BC:BC=_xlfn.NUMBERVALUE($C$5))*((BD:BD<=$C$5+$D$5)*(BD:BD>$C$5-$D$5))))} -> 29 | AN32: =IFERROR(AM32/AL32*100,"") -> 78.378378 | AO32: {=COUNT(_xlfn._xlws.FILTER(BA:BA,(BA:BA=F32)*(BC:BC=_xlfn.NUMBERVALUE($C$5))*((BD:BD>$C$5+$D$5)*(BD:BD<$C$5+2*$D$5)+(BD:BD<$C$5-$D$5)*(BD:BD>$C$5-2*$D$5))))} -> 7 | AP32: =IFERROR(AO32/AL32*100,"") -> 18.918919 | AQ32: {=COUNT(_xlfn._xlws.FILTER(BA:BA,(BA:BA=F32)*(BC:BC=_xlfn.NUMBERVALUE($C$5))*((BD:BD>$C$5+2*$D$5)*(BD:BD<$C$5+3*$D$5)+(BD:BD<$C$5-2*$D$5)*(BD:BD>$C$5-3*$D$5))))} -> 0 | AR32: =IFERROR(AQ32/AL32*100,"") -> 0 | AS32: {=COUNT(_xlfn._xlws.FILTER(BA:BA,(BA:BA=F32)*(BC:BC=_xlfn.NUMBERVALUE($C$5))*((BD:BD>$C$5+3*$D$5)+(BD:BD<$C$5-3*$D$5))))} -> 0 | AT32: =IFERROR(AS32/AL32*100,"") -> 0 | AW32: 2.1 | AX32: 2.1 | AY32: R080_HI782-0_0.0_LOT0367_PWW49.2_QC.xlsx | AZ32: LOT0367 | BA32: 2 | BB32: P/Final | BC32: 35 | BD32: 36.4 | BE32: 0 | BF32: 0 | BG32: 45300 | BP32: {=IF($BJ32<>"",IFERROR(AVERAGE(_xlfn._xlws.FILTER($BD:$BD,($BA:$BA=$BI32)*($BC:$BC=_xlfn.NUMBERVALUE($BJ32)))),""),"")} | BQ32: {=IF($BK32<>"",IFERROR(AVERAGE(_xlfn._xlws.FILTER($BD:$BD,($BA:$BA=$BI32)*($BC:$BC=_xlfn.NUMBERVALUE($BK32)))),""),"")} | BR32: {=IF($BL32<>"",IFERROR(AVERAGE(_xlfn._xlws.FILTER($BD:$BD,($BA:$BA=$BI32)*($BC:$BC=_xlfn.NUMBERVALUE($BL32)))),""),"")} | BS32: {=IF($BM32<>"",IFERROR(AVERAGE(_xlfn._xlws.FILTER($BD:$BD,($BA:$BA=$BI32)*($BC:$BC=_xlfn.NUMBERVALUE($BM32)))),""),"")} | BT32: {=IF($BN32<>"",IFERROR(AVERAGE(_xlfn._xlws.FILTER($BD:$BD,($BA:$BA=$BI32)*($BC:$BC=_xlfn.NUMBERVALUE($BN32)))),""),"")} | BU32: {=IF($BO32<>"",IFERROR(AVERAGE(_xlfn._xlws.FILTER($BD:$BD,($BA:$BA=$BI32)*($BC:$BC=_xlfn.NUMBERVALUE($BO32)))),""),"")} | DL32: {=IF($BJ32<>"",IFERROR(AVERAGE(_xlfn._xlws.FILTER($BD:$BD,($BA:$BA=$BI32)*($BC:$BC=_xlfn.NUMBERVALUE($BJ32)))),""),"")} | DM32: {=IF($BK32<>"",IFERROR(AVERAGE(_xlfn._xlws.FILTER($BD:$BD,($BA:$BA=$BI32)*($BC:$BC=_xlfn.NUMBERVALUE($BK32)))),""),"")} | DN32: {=IF($BL32<>"",IFERROR(AVERAGE(_xlfn._xlws.FILTER($BD:$BD,($BA:$BA=$BI32)*($BC:$BC=_xlfn.NUMBERVALUE($BL32)))),""),"")} | DO32: {=IF($BM32<>"",IFERROR(AVERAGE(_xlfn._xlws.FILTER($BD:$BD,($BA:$BA=$BI32)*($BC:$BC=_xlfn.NUMBERVALUE($BM32)))),""),"")} | DP32: {=IF($BN32<>"",IFERROR(AVERAGE(_xlfn._xlws.FILTER($BD:$BD,($BA:$BA=$BI32)*($BC:$BC=_xlfn.NUMBERVALUE($BN32)))),""),"")} | DQ32: {=IF($BO32<>"",IFERROR(AVERAGE(_xlfn._xlws.FILTER($BD:$BD,($BA:$BA=$BI32)*($BC:$BC=_xlfn.NUMBERVALUE($BO32)))),""),"")} | DX32: {=IF($BJ32<>"",IFERROR(AVERAGE(_xlfn._xlws.FILTER($BE:$BE,($BA:$BA=$BI32)*($BC:$BC=_xlfn.NUMBERVALUE($BJ32)))),""),"")} | DY32: {=IF($BK32<>"",IFERROR(AVERAGE(_xlfn._xlws.FILTER($BE:$BE,($BA:$BA=$BI32)*($BC:$BC=_xlfn.NUMBERVALUE($BK32)))),""),"")} | DZ32: {=IF($BL32<>"",IFERROR(AVERAGE(_xlfn._xlws.FILTER($BE:$BE,($BA:$BA=$BI32)*($BC:$BC=_xlfn.NUMBERVALUE($BL32)))),""),"")} | EA32: {=IF($BM32<>"",IFERROR(AVERAGE(_xlfn._xlws.FILTER($BE:$BE,($BA:$BA=$BI32)*($BC:$BC=_xlfn.NUMBERVALUE($BM32)))),""),"")} | EB32: {=IF($BN32<>"",IFERROR(AVERAGE(_xlfn._xlws.FILTER($BE:$BE,($BA:$BA=$BI32)*($BC:$BC=_xlfn.NUMBERVALUE($BN32)))),""),"")} | EC32: {=IF($BO32<>"",IFERROR(AVERAGE(_xlfn._xlws.FILTER($BE:$BE,($BA:$BA=$BI32)*($BC:$BC=_xlfn.NUMBERVALUE($BO32)))),""),"")}
F33: 22 | G33: LOT0898 | H33: 45679 | I33: 4 | J33: 162 | K33: 23 | L33: {=COUNT(_xlfn._xlws.FILTER(BA:BA,(BA:BA=_xlfn.NUMBERVALUE(F33))*(BC:BC=_xlfn.NUMBERVALUE($C$2))*((BD:BD<$C$2+$D$2)*(BD:BD>$C$2-$D$2))))} -> 23 | M33: =IFERROR(L33/K33*100,"") -> 100 | N33: {=COUNT(_xlfn._xlws.FILTER(BA:BA,(BA:BA=_xlfn.NUMBERVALUE(F33))*(BC:BC=_xlfn.NUMBERVALUE($C$2))*((BD:BD>$C$2+$D$2)*(BD:BD<$C$2+2*$D$2)+(BD:BD<$C$2-$D$2)*(BD:BD>$C$2-2*$D$2))))} -> 0 | O33: =IFERROR(N33/K33*100,"") -> 0 | P33: {=COUNT(_xlfn._xlws.FILTER(BA:BA,(BA:BA=_xlfn.NUMBERVALUE(F33))*(BC:BC=_xlfn.NUMBERVALUE($C$2))*((BD:BD>$C$2+2*$D$2)*(BD:BD<$C$2+3*$D$2)+(BD:BD<$C$2-2*$D$2)*(BD:BD>$C$2-3*$D$2))))} -> 0 | Q33: =IFERROR(P33/K33*100,"") -> 0 | R33: {=COUNT(_xlfn._xlws.FILTER(BA:BA,(BA:BA=_xlfn.NUMBERVALUE(F33))*(BC:BC=_xlfn.NUMBERVALUE($C$2))*((BD:BD>$C$2+3*$D$2)+(BD:BD<$C$2-3*$D$2))))} -> 0 | S33: =IFERROR(R33/K33*100,"") -> 0 | T33: 46 | U33: {=COUNT(_xlfn._xlws.FILTER(BA:BA,(BA:BA=F33)*(BC:BC=_xlfn.NUMBERVALUE($C$3))*((BD:BD<=$C$3+$D$3)*(BD:BD>$C$3-$D$3))))} -> 27 | V33: =IFERROR(U33/T33*100,"") -> 58.695652 | W33: {=COUNT(_xlfn._xlws.FILTER(BA:BA,(BA:BA=F33)*(BC:BC=_xlfn.NUMBERVALUE($C$3))*((BD:BD>$C$3+$D$3)*(BD:BD<$C$3+2*$D$3)+(BD:BD<$C$3-$D$3)*(BD:BD>$C$3-2*$D$3))))} -> 19 | X33: =IFERROR(W33/T33*100,"") -> 41.304348 | Y33: {=COUNT(_xlfn._xlws.FILTER(BA:BA,(BA:BA=F33)*(BC:BC=_xlfn.NUMBERVALUE($C$3))*((BD:BD>$C$3+2*$D$3)*(BD:BD<$C$3+3*$D$3)+(BD:BD<$C$3-2*$D$3)*(BD:BD>$C$3-3*$D$3))))} -> 0 | Z33: =IFERROR(Y33/T33*100,"") -> 0 | AA33: {=COUNT(_xlfn._xlws.FILTER(BA:BA,(BA:BA=F33)*(BC:BC=_xlfn.NUMBERVALUE($C$3))*((BD:BD>=$C$3+3*$D$3)+(BD:BD<=$C$3-3*$D$3))))} -> 0 | AB33: =IFERROR(AA33/T33*100,"") -> 0 | AC33: 46 | AD33: {=COUNT(_xlfn._xlws.FILTER(BA:BA,(BA:BA=F33)*(BC:BC=_xlfn.NUMBERVALUE($C$4))*((BD:BD<=$C$4+$D$4)*(BD:BD>$C$4-$D$4))))} -> 21 | AE33: =IFERROR(AD33/AC33*100,"") -> 45.652174 | AF33: {=COUNT(_xlfn._xlws.FILTER(BA:BA,(BA:BA=F33)*(BC:BC=_xlfn.NUMBERVALUE($C$4))*((BD:BD>$C$4+$D$4)*(BD:BD<$C$4+2*$D$4)+(BD:BD<$C$4-$D$4)*(BD:BD>$C$4-2*$D$4))))} -> 25 | AG33: =IFERROR(AF33/AC33*100,"") -> 54.347826 | AH33: {=COUNT(_xlfn._xlws.FILTER(BA:BA,(BA:BA=F33)*(BC:BC=_xlfn.NUMBERVALUE($C$4))*((BD:BD>$C$4+2*$D$4)*(BD:BD<$C$4+3*$D$4)+(BD:BD<$C$4-2*$D$4)*(BD:BD>$C$4-3*$D$4))))} -> 0 | AI33: =IFERROR(AH33/AC33*100,"") -> 0 | AJ33: {=COUNT(_xlfn._xlws.FILTER(BA:BA,(BA:BA=F33)*(BC:BC=_xlfn.NUMBERVALUE($C$4))*((BD:BD>$C$4+3*$D$4)+(BD:BD<$C$4-3*$D$4))))} -> 0 | AK33: =IFERROR(AJ33/AC33*100,"") -> 0 | AL33: 46 | AM33: {=COUNT(_xlfn._xlws.FILTER(BA:BA,(BA:BA=F33)*(BC:BC=_xlfn.NUMBERVALUE($C$5))*((BD:BD<=$C$5+$D$5)*(BD:BD>$C$5-$D$5))))} -> 24 | AN33: =IFERROR(AM33/AL33*100,"") -> 52.173913 | AO33: {=COUNT(_xlfn._xlws.FILTER(BA:BA,(BA:BA=F33)*(BC:BC=_xlfn.NUMBERVALUE($C$5))*((BD:BD>$C$5+$D$5)*(BD:BD<$C$5+2*$D$5)+(BD:BD<$C$5-$D$5)*(BD:BD>$C$5-2*$D$5))))} -> 23 | AP33: =IFERROR(AO33/AL33*100,"") -> 50 | AQ33: {=COUNT(_xlfn._xlws.FILTER(BA:BA,(BA:BA=F33)*(BC:BC=_xlfn.NUMBERVALUE($C$5))*((BD:BD>$C$5+2*$D$5)*(BD:BD<$C$5+3*$D$5)+(BD:BD<$C$5-2*$D$5)*(BD:BD>$C$5-3*$D$5))))} -> 0 | AR33: =IFERROR(AQ33/AL33*100,"") -> 0 | AS33: {=COUNT(_xlfn._xlws.FILTER(BA:BA,(BA:BA=F33)*(BC:BC=_xlfn.NUMBERVALUE($C$5))*((BD:BD>$C$5+3*$D$5)+(BD:BD<$C$5-3*$D$5))))} -> 0 | AT33: =IFERROR(AS33/AL33*100,"") -> 0 | AW33: 2.1 | AX33: 2.1 | AY33: R080_HI782-0_0.0_LOT0367_PWW49.2_QC.xlsx | AZ33: LOT0367 | BA33: 2 | BB33: P/Final | BC33: 60 | BD33: 61.8 | BE33: 0 | BF33: 0 | BG33: 45300 | BP33: {=IF($BJ33<>"",IFERROR(AVERAGE(_xlfn._xlws.FILTER($BD:$BD,($BA:$BA=$BI33)*($BC:$BC=_xlfn.NUMBERVALUE($BJ33)))),""),"")} | BQ33: {=IF($BK33<>"",IFERROR(AVERAGE(_xlfn._xlws.FILTER($BD:$BD,($BA:$BA=$BI33)*($BC:$BC=_xlfn.NUMBERVALUE($BK33)))),""),"")} | BR33: {=IF($BL33<>"",IFERROR(AVERAGE(_xlfn._xlws.FILTER($BD:$BD,($BA:$BA=$BI33)*($BC:$BC=_xlfn.NUMBERVALUE($BL33)))),""),"")} | BS33: {=IF($BM33<>"",IFERROR(AVERAGE(_xlfn._xlws.FILTER($BD:$BD,($BA:$BA=$BI33)*($BC:$BC=_xlfn.NUMBERVALUE($BM33)))),""),"")} | BT33: {=IF($BN33<>"",IFERROR(AVERAGE(_xlfn._xlws.FILTER($BD:$BD,($BA:$BA=$BI33)*($BC:$BC=_xlfn.NUMBERVALUE($BN33)))),""),"")} | BU33: {=IF($BO33<>"",IFERROR(AVERAGE(_xlfn._xlws.FILTER($BD:$BD,($BA:$BA=$BI33)*($BC:$BC=_xlfn.NUMBERVALUE($BO33)))),""),"")} | DL33: {=IF($BJ33<>"",IFERROR(AVERAGE(_xlfn._xlws.FILTER($BD:$BD,($BA:$BA=$BI33)*($BC:$BC=_xlfn.NUMBERVALUE($BJ33)))),""),"")} | DM33: {=IF($BK33<>"",IFERROR(AVERAGE(_xlfn._xlws.FILTER($BD:$BD,($BA:$BA=$BI33)*($BC:$BC=_xlfn.NUMBERVALUE($BK33)))),""),"")} | DN33: {=IF($BL33<>"",IFERROR(AVERAGE(_xlfn._xlws.FILTER($BD:$BD,($BA:$BA=$BI33)*($BC:$BC=_xlfn.NUMBERVALUE($BL33)))),""),"")} | DO33: {=IF($BM33<>"",IFERROR(AVERAGE(_xlfn._xlws.FILTER($BD:$BD,($BA:$BA=$BI33)*($BC:$BC=_xlfn.NUMBERVALUE($BM33)))),""),"")} | DP33: {=IF($BN33<>"",IFERROR(AVERAGE(_xlfn._xlws.FILTER($BD:$BD,($BA:$BA=$BI33)*($BC:$BC=_xlfn.NUMBERVALUE($BN33)))),""),"")} | DQ33: {=IF($BO33<>"",IFERROR(AVERAGE(_xlfn._xlws.FILTER($BD:$BD,($BA:$BA=$BI33)*($BC:$BC=_xlfn.NUMBERVALUE($BO33)))),""),"")} | DX33: {=IF($BJ33<>"",IFERROR(AVERAGE(_xlfn._xlws.FILTER($BE:$BE,($BA:$BA=$BI33)*($BC:$BC=_xlfn.NUMBERVALUE($BJ33)))),""),"")} | DY33: {=IF($BK33<>"",IFERROR(AVERAGE(_xlfn._xlws.FILTER($BE:$BE,($BA:$BA=$BI33)*($BC:$BC=_xlfn.NUMBERVALUE($BK33)))),""),"")} | DZ33: {=IF($BL33<>"",IFERROR(AVERAGE(_xlfn._xlws.FILTER($BE:$BE,($BA:$BA=$BI33)*($BC:$BC=_xlfn.NUMBERVALUE($BL33)))),""),"")} | EA33: {=IF($BM33<>"",IFERROR(AVERAGE(_xlfn._xlws.FILTER($BE:$BE,($BA:$BA=$BI33)*($BC:$BC=_xlfn.NUMBERVALUE($BM33)))),""),"")} | EB33: {=IF($BN33<>"",IFERROR(AVERAGE(_xlfn._xlws.FILTER($BE:$BE,($BA:$BA=$BI33)*($BC:$BC=_xlfn.NUMBERVALUE($BN33)))),""),"")} | EC33: {=IF($BO33<>"",IFERROR(AVERAGE(_xlfn._xlws.FILTER($BE:$BE,($BA:$BA=$BI33)*($BC:$BC=_xlfn.NUMBERVALUE($BO33)))),""),"")}
F34: 23 | G34: LOT0941 | H34: 45712 | I34: 9 | J34: 273 | K34: 25 | L34: {=COUNT(_xlfn._xlws.FILTER(BA:BA,(BA:BA=_xlfn.NUMBERVALUE(F34))*(BC:BC=_xlfn.NUMBERVALUE($C$2))*((BD:BD<$C$2+$D$2)*(BD:BD>$C$2-$D$2))))} -> 25 | M34: =IFERROR(L34/K34*100,"") -> 100 | N34: {=COUNT(_xlfn._xlws.FILTER(BA:BA,(BA:BA=_xlfn.NUMBERVALUE(F34))*(BC:BC=_xlfn.NUMBERVALUE($C$2))*((BD:BD>$C$2+$D$2)*(BD:BD<$C$2+2*$D$2)+(BD:BD<$C$2-$D$2)*(BD:BD>$C$2-2*$D$2))))} -> 0 | O34: =IFERROR(N34/K34*100,"") -> 0 | P34: {=COUNT(_xlfn._xlws.FILTER(BA:BA,(BA:BA=_xlfn.NUMBERVALUE(F34))*(BC:BC=_xlfn.NUMBERVALUE($C$2))*((BD:BD>$C$2+2*$D$2)*(BD:BD<$C$2+3*$D$2)+(BD:BD<$C$2-2*$D$2)*(BD:BD>$C$2-3*$D$2))))} -> 0 | Q34: =IFERROR(P34/K34*100,"") -> 0 | R34: {=COUNT(_xlfn._xlws.FILTER(BA:BA,(BA:BA=_xlfn.NUMBERVALUE(F34))*(BC:BC=_xlfn.NUMBERVALUE($C$2))*((BD:BD>$C$2+3*$D$2)+(BD:BD<$C$2-3*$D$2))))} -> 0 | S34: =IFERROR(R34/K34*100,"") -> 0 | T34: 78 | U34: {=COUNT(_xlfn._xlws.FILTER(BA:BA,(BA:BA=F34)*(BC:BC=_xlfn.NUMBERVALUE($C$3))*((BD:BD<=$C$3+$D$3)*(BD:BD>$C$3-$D$3))))} -> 47 | V34: =IFERROR(U34/T34*100,"") -> 60.25641 | W34: {=COUNT(_xlfn._xlws.FILTER(BA:BA,(BA:BA=F34)*(BC:BC=_xlfn.NUMBERVALUE($C$3))*((BD:BD>$C$3+$D$3)*(BD:BD<$C$3+2*$D$3)+(BD:BD<$C$3-$D$3)*(BD:BD>$C$3-2*$D$3))))} -> 30 | X34: =IFERROR(W34/T34*100,"") -> 38.461538 | Y34: {=COUNT(_xlfn._xlws.FILTER(BA:BA,(BA:BA=F34)*(BC:BC=_xlfn.NUMBERVALUE($C$3))*((BD:BD>$C$3+2*$D$3)*(BD:BD<$C$3+3*$D$3)+(BD:BD<$C$3-2*$D$3)*(BD:BD>$C$3-3*$D$3))))} -> 1 | Z34: =IFERROR(Y34/T34*100,"") -> 1.2820513 | AA34: {=COUNT(_xlfn._xlws.FILTER(BA:BA,(BA:BA=F34)*(BC:BC=_xlfn.NUMBERVALUE($C$3))*((BD:BD>=$C$3+3*$D$3)+(BD:BD<=$C$3-3*$D$3))))} -> 0 | AB34: =IFERROR(AA34/T34*100,"") -> 0 | AC34: 78 | AD34: {=COUNT(_xlfn._xlws.FILTER(BA:BA,(BA:BA=F34)*(BC:BC=_xlfn.NUMBERVALUE($C$4))*((BD:BD<=$C$4+$D$4)*(BD:BD>$C$4-$D$4))))} -> 44 | AE34: =IFERROR(AD34/AC34*100,"") -> 56.410256 | AF34: {=COUNT(_xlfn._xlws.FILTER(BA:BA,(BA:BA=F34)*(BC:BC=_xlfn.NUMBERVALUE($C$4))*((BD:BD>$C$4+$D$4)*(BD:BD<$C$4+2*$D$4)+(BD:BD<$C$4-$D$4)*(BD:BD>$C$4-2*$D$4))))} -> 35 | AG34: =IFERROR(AF34/AC34*100,"") -> 44.871795 | AH34: {=COUNT(_xlfn._xlws.FILTER(BA:BA,(BA:BA=F34)*(BC:BC=_xlfn.NUMBERVALUE($C$4))*((BD:BD>$C$4+2*$D$4)*(BD:BD<$C$4+3*$D$4)+(BD:BD<$C$4-2*$D$4)*(BD:BD>$C$4-3*$D$4))))} -> 3 | AI34: =IFERROR(AH34/AC34*100,"") -> 3.8461538 | AJ34: {=COUNT(_xlfn._xlws.FILTER(BA:BA,(BA:BA=F34)*(BC:BC=_xlfn.NUMBERVALUE($C$4))*((BD:BD>$C$4+3*$D$4)+(BD:BD<$C$4-3*$D$4))))} -> 0 | AK34: =IFERROR(AJ34/AC34*100,"") -> 0 | AL34: 78 | AM34: {=COUNT(_xlfn._xlws.FILTER(BA:BA,(BA:BA=F34)*(BC:BC=_xlfn.NUMBERVALUE($C$5))*((BD:BD<=$C$5+$D$5)*(BD:BD>$C$5-$D$5))))} -> 21 | AN34: =IFERROR(AM34/AL34*100,"") -> 26.923077 | AO34: {=COUNT(_xlfn._xlws.FILTER(BA:BA,(BA:BA=F34)*(BC:BC=_xlfn.NUMBERVALUE($C$5))*((BD:BD>$C$5+$D$5)*(BD:BD<$C$5+2*$D$5)+(BD:BD<$C$5-$D$5)*(BD:BD>$C$5-2*$D$5))))} -> 51 | AP34: =IFERROR(AO34/AL34*100,"") -> 65.384615 | AQ34: {=COUNT(_xlfn._xlws.FILTER(BA:BA,(BA:BA=F34)*(BC:BC=_xlfn.NUMBERVALUE($C$5))*((BD:BD>$C$5+2*$D$5)*(BD:BD<$C$5+3*$D$5)+(BD:BD<$C$5-2*$D$5)*(BD:BD>$C$5-3*$D$5))))} -> 12 | AR34: =IFERROR(AQ34/AL34*100,"") -> 15.384615 | AS34: {=COUNT(_xlfn._xlws.FILTER(BA:BA,(BA:BA=F34)*(BC:BC=_xlfn.NUMBERVALUE($C$5))*((BD:BD>$C$5+3*$D$5)+(BD:BD<$C$5-3*$D$5))))} -> 4 | AT34: =IFERROR(AS34/AL34*100,"") -> 5.1282051 | AW34: 2.1 | AX34: 2.1 | AY34: R080_HI782-0_0.0_LOT0367_PWW49.2_QC.xlsx | AZ34: LOT0367 | BA34: 2 | BB34: P/Final | BC34: 60 | BD34: 62.6 | BE34: 0 | BF34: 0 | BG34: 45300 | BP34: {=IF($BJ34<>"",IFERROR(AVERAGE(_xlfn._xlws.FILTER($BD:$BD,($BA:$BA=$BI34)*($BC:$BC=_xlfn.NUMBERVALUE($BJ34)))),""),"")} | BQ34: {=IF($BK34<>"",IFERROR(AVERAGE(_xlfn._xlws.FILTER($BD:$BD,($BA:$BA=$BI34)*($BC:$BC=_xlfn.NUMBERVALUE($BK34)))),""),"")} | BR34: {=IF($BL34<>"",IFERROR(AVERAGE(_xlfn._xlws.FILTER($BD:$BD,($BA:$BA=$BI34)*($BC:$BC=_xlfn.NUMBERVALUE($BL34)))),""),"")} | BS34: {=IF($BM34<>"",IFERROR(AVERAGE(_xlfn._xlws.FILTER($BD:$BD,($BA:$BA=$BI34)*($BC:$BC=_xlfn.NUMBERVALUE($BM34)))),""),"")} | BT34: {=IF($BN34<>"",IFERROR(AVERAGE(_xlfn._xlws.FILTER($BD:$BD,($BA:$BA=$BI34)*($BC:$BC=_xlfn.NUMBERVALUE($BN34)))),""),"")} | BU34: {=IF($BO34<>"",IFERROR(AVERAGE(_xlfn._xlws.FILTER($BD:$BD,($BA:$BA=$BI34)*($BC:$BC=_xlfn.NUMBERVALUE($BO34)))),""),"")} | DL34: {=IF($BJ34<>"",IFERROR(AVERAGE(_xlfn._xlws.FILTER($BD:$BD,($BA:$BA=$BI34)*($BC:$BC=_xlfn.NUMBERVALUE($BJ34)))),""),"")} | DM34: {=IF($BK34<>"",IFERROR(AVERAGE(_xlfn._xlws.FILTER($BD:$BD,($BA:$BA=$BI34)*($BC:$BC=_xlfn.NUMBERVALUE($BK34)))),""),"")} | DN34: {=IF($BL34<>"",IFERROR(AVERAGE(_xlfn._xlws.FILTER($BD:$BD,($BA:$BA=$BI34)*($BC:$BC=_xlfn.NUMBERVALUE($BL34)))),""),"")} | DO34: {=IF($BM34<>"",IFERROR(AVERAGE(_xlfn._xlws.FILTER($BD:$BD,($BA:$BA=$BI34)*($BC:$BC=_xlfn.NUMBERVALUE($BM34)))),""),"")} | DP34: {=IF($BN34<>"",IFERROR(AVERAGE(_xlfn._xlws.FILTER($BD:$BD,($BA:$BA=$BI34)*($BC:$BC=_xlfn.NUMBERVALUE($BN34)))),""),"")} | DQ34: {=IF($BO34<>"",IFERROR(AVERAGE(_xlfn._xlws.FILTER($BD:$BD,($BA:$BA=$BI34)*($BC:$BC=_xlfn.NUMBERVALUE($BO34)))),""),"")} | DX34: {=IF($BJ34<>"",IFERROR(AVERAGE(_xlfn._xlws.FILTER($BE:$BE,($BA:$BA=$BI34)*($BC:$BC=_xlfn.NUMBERVALUE($BJ34)))),""),"")} | DY34: {=IF($BK34<>"",IFERROR(AVERAGE(_xlfn._xlws.FILTER($BE:$BE,($BA:$BA=$BI34)*($BC:$BC=_xlfn.NUMBERVALUE($BK34)))),""),"")} | DZ34: {=IF($BL34<>"",IFERROR(AVERAGE(_xlfn._xlws.FILTER($BE:$BE,($BA:$BA=$BI34)*($BC:$BC=_xlfn.NUMBERVALUE($BL34)))),""),"")} | EA34: {=IF($BM34<>"",IFERROR(AVERAGE(_xlfn._xlws.FILTER($BE:$BE,($BA:$BA=$BI34)*($BC:$BC=_xlfn.NUMBERVALUE($BM34)))),""),"")} | EB34: {=IF($BN34<>"",IFERROR(AVERAGE(_xlfn._xlws.FILTER($BE:$BE,($BA:$BA=$BI34)*($BC:$BC=_xlfn.NUMBERVALUE($BN34)))),""),"")} | EC34: {=IF($BO34<>"",IFERROR(AVERAGE(_xlfn._xlws.FILTER($BE:$BE,($BA:$BA=$BI34)*($BC:$BC=_xlfn.NUMBERVALUE($BO34)))),""),"")}
F35: 24 | G35: LOT0970 | H35: 45740 | I35: 13 | J35: 202 | K35: 10 | L35: {=COUNT(_xlfn._xlws.FILTER(BA:BA,(BA:BA=_xlfn.NUMBERVALUE(F35))*(BC:BC=_xlfn.NUMBERVALUE($C$2))*((BD:BD<$C$2+$D$2)*(BD:BD>$C$2-$D$2))))} -> 10 | M35: =IFERROR(L35/K35*100,"") -> 100 | N35: {=COUNT(_xlfn._xlws.FILTER(BA:BA,(BA:BA=_xlfn.NUMBERVALUE(F35))*(BC:BC=_xlfn.NUMBERVALUE($C$2))*((BD:BD>$C$2+$D$2)*(BD:BD<$C$2+2*$D$2)+(BD:BD<$C$2-$D$2)*(BD:BD>$C$2-2*$D$2))))} -> 0 | O35: =IFERROR(N35/K35*100,"") -> 0 | P35: {=COUNT(_xlfn._xlws.FILTER(BA:BA,(BA:BA=_xlfn.NUMBERVALUE(F35))*(BC:BC=_xlfn.NUMBERVALUE($C$2))*((BD:BD>$C$2+2*$D$2)*(BD:BD<$C$2+3*$D$2)+(BD:BD<$C$2-2*$D$2)*(BD:BD>$C$2-3*$D$2))))} -> 0 | Q35: =IFERROR(P35/K35*100,"") -> 0 | R35: {=COUNT(_xlfn._xlws.FILTER(BA:BA,(BA:BA=_xlfn.NUMBERVALUE(F35))*(BC:BC=_xlfn.NUMBERVALUE($C$2))*((BD:BD>$C$2+3*$D$2)+(BD:BD<$C$2-3*$D$2))))} -> 0 | S35: =IFERROR(R35/K35*100,"") -> 0 | T35: 59 | U35: {=COUNT(_xlfn._xlws.FILTER(BA:BA,(BA:BA=F35)*(BC:BC=_xlfn.NUMBERVALUE($C$3))*((BD:BD<=$C$3+$D$3)*(BD:BD>$C$3-$D$3))))} -> 40 | V35: =IFERROR(U35/T35*100,"") -> 67.79661 | W35: {=COUNT(_xlfn._xlws.FILTER(BA:BA,(BA:BA=F35)*(BC:BC=_xlfn.NUMBERVALUE($C$3))*((BD:BD>$C$3+$D$3)*(BD:BD<$C$3+2*$D$3)+(BD:BD<$C$3-$D$3)*(BD:BD>$C$3-2*$D$3))))} -> 18 | X35: =IFERROR(W35/T35*100,"") -> 30.508475 | Y35: {=COUNT(_xlfn._xlws.FILTER(BA:BA,(BA:BA=F35)*(BC:BC=_xlfn.NUMBERVALUE($C$3))*((BD:BD>$C$3+2*$D$3)*(BD:BD<$C$3+3*$D$3)+(BD:BD<$C$3-2*$D$3)*(BD:BD>$C$3-3*$D$3))))} -> 1 | Z35: =IFERROR(Y35/T35*100,"") -> 1.6949153 | AA35: {=COUNT(_xlfn._xlws.FILTER(BA:BA,(BA:BA=F35)*(BC:BC=_xlfn.NUMBERVALUE($C$3))*((BD:BD>=$C$3+3*$D$3)+(BD:BD<=$C$3-3*$D$3))))} -> 0 | AB35: =IFERROR(AA35/T35*100,"") -> 0 | AC35: 59 | AD35: {=COUNT(_xlfn._xlws.FILTER(BA:BA,(BA:BA=F35)*(BC:BC=_xlfn.NUMBERVALUE($C$4))*((BD:BD<=$C$4+$D$4)*(BD:BD>$C$4-$D$4))))} -> 17 | AE35: =IFERROR(AD35/AC35*100,"") -> 28.813559 | AF35: {=COUNT(_xlfn._xlws.FILTER(BA:BA,(BA:BA=F35)*(BC:BC=_xlfn.NUMBERVALUE($C$4))*((BD:BD>$C$4+$D$4)*(BD:BD<$C$4+2*$D$4)+(BD:BD<$C$4-$D$4)*(BD:BD>$C$4-2*$D$4))))} -> 39 | AG35: =IFERROR(AF35/AC35*100,"") -> 66.101695 | AH35: {=COUNT(_xlfn._xlws.FILTER(BA:BA,(BA:BA=F35)*(BC:BC=_xlfn.NUMBERVALUE($C$4))*((BD:BD>$C$4+2*$D$4)*(BD:BD<$C$4+3*$D$4)+(BD:BD<$C$4-2*$D$4)*(BD:BD>$C$4-3*$D$4))))} -> 10 | AI35: =IFERROR(AH35/AC35*100,"") -> 16.949153 | AJ35: {=COUNT(_xlfn._xlws.FILTER(BA:BA,(BA:BA=F35)*(BC:BC=_xlfn.NUMBERVALUE($C$4))*((BD:BD>$C$4+3*$D$4)+(BD:BD<$C$4-3*$D$4))))} -> 5 | AK35: =IFERROR(AJ35/AC35*100,"") -> 8.4745763 | AL35: 59 | AM35: {=COUNT(_xlfn._xlws.FILTER(BA:BA,(BA:BA=F35)*(BC:BC=_xlfn.NUMBERVALUE($C$5))*((BD:BD<=$C$5+$D$5)*(BD:BD>$C$5-$D$5))))} -> 28 | AN35: =IFERROR(AM35/AL35*100,"") -> 47.457627 | AO35: {=COUNT(_xlfn._xlws.FILTER(BA:BA,(BA:BA=F35)*(BC:BC=_xlfn.NUMBERVALUE($C$5))*((BD:BD>$C$5+$D$5)*(BD:BD<$C$5+2*$D$5)+(BD:BD<$C$5-$D$5)*(BD:BD>$C$5-2*$D$5))))} -> 34 | AP35: =IFERROR(AO35/AL35*100,"") -> 57.627119 | AQ35: {=COUNT(_xlfn._xlws.FILTER(BA:BA,(BA:BA=F35)*(BC:BC=_xlfn.NUMBERVALUE($C$5))*((BD:BD>$C$5+2*$D$5)*(BD:BD<$C$5+3*$D$5)+(BD:BD<$C$5-2*$D$5)*(BD:BD>$C$5-3*$D$5))))} -> 0 | AR35: =IFERROR(AQ35/AL35*100,"") -> 0 | AS35: {=COUNT(_xlfn._xlws.FILTER(BA:BA,(BA:BA=F35)*(BC:BC=_xlfn.NUMBERVALUE($C$5))*((BD:BD>$C$5+3*$D$5)+(BD:BD<$C$5-3*$D$5))))} -> 0 | AT35: =IFERROR(AS35/AL35*100,"") -> 0 | AW35: 2.1 | AX35: 2.1 | AY35: R080_HI782-0_0.0_LOT0367_PWW49.2_QC.xlsx | AZ35: LOT0367 | BA35: 2 | BB35: P/Final | BC35: 60 | BD35: 63.4 | BE35: 0 | BF35: 0 | BG35: 45300 | BP35: {=IF($BJ35<>"",IFERROR(AVERAGE(_xlfn._xlws.FILTER($BD:$BD,($BA:$BA=$BI35)*($BC:$BC=_xlfn.NUMBERVALUE($BJ35)))),""),"")} | BQ35: {=IF($BK35<>"",IFERROR(AVERAGE(_xlfn._xlws.FILTER($BD:$BD,($BA:$BA=$BI35)*($BC:$BC=_xlfn.NUMBERVALUE($BK35)))),""),"")} | BR35: {=IF($BL35<>"",IFERROR(AVERAGE(_xlfn._xlws.FILTER($BD:$BD,($BA:$BA=$BI35)*($BC:$BC=_xlfn.NUMBERVALUE($BL35)))),""),"")} | BS35: {=IF($BM35<>"",IFERROR(AVERAGE(_xlfn._xlws.FILTER($BD:$BD,($BA:$BA=$BI35)*($BC:$BC=_xlfn.NUMBERVALUE($BM35)))),""),"")} | BT35: {=IF($BN35<>"",IFERROR(AVERAGE(_xlfn._xlws.FILTER($BD:$BD,($BA:$BA=$BI35)*($BC:$BC=_xlfn.NUMBERVALUE($BN35)))),""),"")} | BU35: {=IF($BO35<>"",IFERROR(AVERAGE(_xlfn._xlws.FILTER($BD:$BD,($BA:$BA=$BI35)*($BC:$BC=_xlfn.NUMBERVALUE($BO35)))),""),"")} | DL35: {=IF($BJ35<>"",IFERROR(AVERAGE(_xlfn._xlws.FILTER($BD:$BD,($BA:$BA=$BI35)*($BC:$BC=_xlfn.NUMBERVALUE($BJ35)))),""),"")} | DM35: {=IF($BK35<>"",IFERROR(AVERAGE(_xlfn._xlws.FILTER($BD:$BD,($BA:$BA=$BI35)*($BC:$BC=_xlfn.NUMBERVALUE($BK35)))),""),"")} | DN35: {=IF($BL35<>"",IFERROR(AVERAGE(_xlfn._xlws.FILTER($BD:$BD,($BA:$BA=$BI35)*($BC:$BC=_xlfn.NUMBERVALUE($BL35)))),""),"")} | DO35: {=IF($BM35<>"",IFERROR(AVERAGE(_xlfn._xlws.FILTER($BD:$BD,($BA:$BA=$BI35)*($BC:$BC=_xlfn.NUMBERVALUE($BM35)))),""),"")} | DP35: {=IF($BN35<>"",IFERROR(AVERAGE(_xlfn._xlws.FILTER($BD:$BD,($BA:$BA=$BI35)*($BC:$BC=_xlfn.NUMBERVALUE($BN35)))),""),"")} | DQ35: {=IF($BO35<>"",IFERROR(AVERAGE(_xlfn._xlws.FILTER($BD:$BD,($BA:$BA=$BI35)*($BC:$BC=_xlfn.NUMBERVALUE($BO35)))),""),"")} | DX35: {=IF($BJ35<>"",IFERROR(AVERAGE(_xlfn._xlws.FILTER($BE:$BE,($BA:$BA=$BI35)*($BC:$BC=_xlfn.NUMBERVALUE($BJ35)))),""),"")} | DY35: {=IF($BK35<>"",IFERROR(AVERAGE(_xlfn._xlws.FILTER($BE:$BE,($BA:$BA=$BI35)*($BC:$BC=_xlfn.NUMBERVALUE($BK35)))),""),"")} | DZ35: {=IF($BL35<>"",IFERROR(AVERAGE(_xlfn._xlws.FILTER($BE:$BE,($BA:$BA=$BI35)*($BC:$BC=_xlfn.NUMBERVALUE($BL35)))),""),"")} | EA35: {=IF($BM35<>"",IFERROR(AVERAGE(_xlfn._xlws.FILTER($BE:$BE,($BA:$BA=$BI35)*($BC:$BC=_xlfn.NUMBERVALUE($BM35)))),""),"")} | EB35: {=IF($BN35<>"",IFERROR(AVERAGE(_xlfn._xlws.FILTER($BE:$BE,($BA:$BA=$BI35)*($BC:$BC=_xlfn.NUMBERVALUE($BN35)))),""),"")} | EC35: {=IF($BO35<>"",IFERROR(AVERAGE(_xlfn._xlws.FILTER($BE:$BE,($BA:$BA=$BI35)*($BC:$BC=_xlfn.NUMBERVALUE($BO35)))),""),"")}
